rank,trend,streams,track_id
1,SAME_POSITION,5896.0,1rgnBhdG2JDFTbYkYRZAku
2,SAME_POSITION,4676.0,3eekarcy7kvN4yt5ZFzltW
3,SAME_POSITION,4302.0,21jGcNKet2qwijlDFuPiPb
4,SAME_POSITION,3679.0,1HfMVBKM75vxSfsQ5VefZ5
5,SAME_POSITION,3441.0,2QpGZOhTCHHiKmpSO9FW4h
6,MOVE_UP,3044.0,7aiClxsDWFRQ0Kzk5KI5ku
7,MOVE_DOWN,2997.0,2tnVG71enUj33Ic2nFN6kZ
8,SAME_POSITION,2814.0,2b8fOow8UzyDFAE27YhOZM
9,NEW_ENTRY,2807.0,6WrI0LAC5M1Rw2MnX2ZvEg
10,MOVE_UP,2632.0,2Fxmhks0bxGSBdJ92vM42m
11,MOVE_DOWN,2580.0,7qEHsqek33rTcFNT9PFqLf
12,MOVE_DOWN,2575.0,2plLJpUcYPFrl1sW2pMG63
13,MOVE_UP,2517.0,70eFcWOvlMObDhURTqT4Fv
14,MOVE_DOWN,2494.0,4yI3HpbSFSgFZtJP2kDe5m
15,MOVE_DOWN,2473.0,6b2RcmUt1g9N9mQ3CbjX2Y
16,SAME_POSITION,2430.0,0c7K73roy6RW4ebDkf4yGh
17,MOVE_DOWN,2389.0,6v3KW9xbzN5yKLt9YKDYA2
18,MOVE_UP,2221.0,51Fjme0JiitpyXKuyQiCDo
19,MOVE_DOWN,2163.0,6Gg1gjgKi2AK4e0qzsR7sd
20,MOVE_UP,2127.0,0q3QoeqUKLIiHz7d43nvGb
21,SAME_POSITION,2113.0,1J1WcSNROaYu2H8YHsyTaY
22,MOVE_DOWN,2034.0,1iQDltZqI7BXnHrFy4Qo1k
23,NEW_ENTRY,1971.0,7vJS1DPc3FzBtqBs8n3mW5
24,MOVE_DOWN,1966.0,1000nHvUdawXuUHgBod4Wv
25,MOVE_DOWN,1953.0,7LzouaWGFCy4tkXDOOnEyM
26,MOVE_DOWN,1943.0,1lOe9qE0vR9zwWQAOk6CoO
27,MOVE_DOWN,1885.0,07Oz5StQ7GRoygNLaXs2pd
28,MOVE_DOWN,1853.0,7CHi4DtfK4heMlQaudCuHK
29,MOVE_UP,1776.0,1tNJrcVe6gwLEiZCtprs1u
30,MOVE_DOWN,1774.0,4sjiIpEv617LDXaidKioOI
31,MOVE_DOWN,1757.0,7CZyCXKG6d5ALeq41sLzbw
32,MOVE_DOWN,1731.0,4vUmTMuQqjdnvlZmAH61Qk
33,MOVE_DOWN,1726.0,6wo37KVqFJhtuxPTpLCcfe
34,MOVE_DOWN,1710.0,6muOWhMh7Tf0UFUtMDBhUR
35,MOVE_UP,1704.0,5rwsJbBNa8SfPW4oFA1GjP
36,SAME_POSITION,1698.0,3cphb8kdsjElYR7r5icK3H
37,MOVE_DOWN,1675.0,6kls8cSlUyHW2BUOkDJIZE
38,MOVE_UP,1639.0,1DFD5Fotzgn6yYXkYsKiGs
39,MOVE_UP,1582.0,24Yi9hE78yPEbZ4kxyoXAI
40,MOVE_DOWN,1557.0,6V9fHiv84WlVTg7CSnIVY2
41,MOVE_UP,1528.0,6vBdBCoOhKHiYDDOcorfNo
42,MOVE_DOWN,1528.0,0hVXuCcriWRGvwMV1r5Yn9
43,MOVE_DOWN,1511.0,2wrJq5XKLnmhRXHIAf9xBa
44,MOVE_DOWN,1507.0,3JWiDGQX2eTlFvKj3Yssj3
45,MOVE_DOWN,1491.0,26wLOs3ZuHJa2Ihhx6QIE6
46,NEW_ENTRY,1421.0,5hDAT527wXWNBnJlujhuUs
47,MOVE_UP,1364.0,1ZPWWSwCkxKfqdp4H0RFCo
48,MOVE_UP,1321.0,0Z26mbSHJ1dkUu7g9DDgif
49,MOVE_DOWN,1272.0,0RiRZpuVRbi7oqRdSMwhQY
50,NEW_ENTRY,1267.0,56AMYGJzxBO6p8v0wEe9de
51,MOVE_DOWN,1266.0,3NkJNL3WqO1Lqc3uNDxvCN
52,MOVE_UP,1259.0,1tjM9dP8GWkYl4orF7yLWD
53,MOVE_DOWN,1257.0,6moU77g9RQyMzHNuKEaQKq
54,MOVE_DOWN,1233.0,4Of7rzpRpV1mWRbhp5rAqG
55,MOVE_UP,1229.0,0mjAU3yKR1QnXnHtjGJqTM
56,MOVE_UP,1220.0,7MSS9mAqAHHkUCa7HL0RbA
57,SAME_POSITION,1218.0,2YpeDb67231RjR0MgVLzsG
58,MOVE_DOWN,1214.0,5aUSEPNd3m5xliFK4pn5mU
59,MOVE_DOWN,1206.0,2SasoXZyv82yYgHiVOvxQn
60,NEW_ENTRY,1183.0,2gUJfXmgVvnzGFk7J6dZch
61,MOVE_DOWN,1169.0,0y675KDleCZEudjoeL1sQQ
62,SAME_POSITION,1163.0,285pBltuF7vW8TeWk8hdRR
63,MOVE_UP,1158.0,43zdsphuZLzwA9k4DJhU0I
64,MOVE_UP,1158.0,2xLMifQCjDGFmkHkpNLD9h
65,MOVE_UP,1145.0,314ZkcV7oLWG8yWE7LABvH
66,NEW_ENTRY,1142.0,7CS41pvRBhejuFs4m5nwtr
67,MOVE_DOWN,1134.0,0oPOuDmmkVp3h6puekhs6P
68,MOVE_DOWN,1123.0,322tcqPhma7F6hfCeLisx0
69,MOVE_DOWN,1119.0,6oJ6le65B3SEqPwMRNXWjY
70,MOVE_DOWN,1114.0,5qmq61DAAOUaW8AUo8xKhh
71,MOVE_DOWN,1108.0,0u2P5u6lvoDfwTYjAADbn4
72,NEW_ENTRY,1103.0,7pWK1kMgHy5lNNiIfuRbkP
73,MOVE_UP,1100.0,7ycWLEP1GsNjVvcjawXz3z
74,MOVE_DOWN,1099.0,4sWuPniHClkInYAnzXAYUF
75,NEW_ENTRY,1079.0,6gBFPUFcJLzWGx4lenP6h2
76,MOVE_DOWN,1078.0,4fwo6czG5nvOQMzhOto1ya
77,MOVE_DOWN,1077.0,35poFvLMiXHPZsItZ0HiHZ
78,NEW_ENTRY,1073.0,53ORJG1CfDX0xo8qyhup6Q
79,MOVE_DOWN,1072.0,6cy3ki60hLwimwIje7tALf
80,NEW_ENTRY,1069.0,7DETuWY9GjRnHeEGGVT8Ee
81,MOVE_DOWN,1065.0,39JRmdKFka1Oe09FoOCPI4
82,MOVE_DOWN,1064.0,7mEgb8sSsqPlCsz8RqSZ2v
83,MOVE_DOWN,1062.0,2qxmye6gAegTMjLKEBoR3d
84,MOVE_DOWN,1062.0,5nCthAh3jt4xKuLJAifAaR
85,MOVE_DOWN,1061.0,1SNiXDwSilLujcYdvfqVpT
86,MOVE_DOWN,1058.0,4a6q8CR2hzLk2plDkSxkfD
87,MOVE_DOWN,1057.0,24bnCCysWnbNRNUT4LpHcP
88,NEW_ENTRY,1043.0,3s4mrPrEFFPF0LmAfutW0n
89,NEW_ENTRY,1038.0,792c14LiectozZczjylkfW
90,NEW_ENTRY,1030.0,7xQAfvXzm3AkraOtGPWIZg
91,NEW_ENTRY,1029.0,6qNB2ChCVPepl5ZjVJJTUW
92,MOVE_DOWN,1018.0,0rIAC4PXANcKmitJfoqmVm
93,NEW_ENTRY,1012.0,5ptc5E2aIJJjlFbFAPTMfy
94,NEW_ENTRY,1006.0,4jvjzW7Hm0yK4LvvE0Paz9
95,NEW_ENTRY,1003.0,0e7ipj03S05BNilyu5bRzt
1,SAME_POSITION,5286.0,1rgnBhdG2JDFTbYkYRZAku
2,SAME_POSITION,3914.0,3eekarcy7kvN4yt5ZFzltW
3,SAME_POSITION,3862.0,21jGcNKet2qwijlDFuPiPb
4,SAME_POSITION,3278.0,1HfMVBKM75vxSfsQ5VefZ5
5,MOVE_UP,2775.0,7aiClxsDWFRQ0Kzk5KI5ku
6,MOVE_UP,2711.0,2tnVG71enUj33Ic2nFN6kZ
7,MOVE_UP,2651.0,6WrI0LAC5M1Rw2MnX2ZvEg
8,MOVE_DOWN,2570.0,2QpGZOhTCHHiKmpSO9FW4h
9,MOVE_DOWN,2515.0,2b8fOow8UzyDFAE27YhOZM
10,MOVE_UP,2506.0,7qEHsqek33rTcFNT9PFqLf
11,MOVE_DOWN,2313.0,2Fxmhks0bxGSBdJ92vM42m
12,MOVE_UP,2307.0,0c7K73roy6RW4ebDkf4yGh
13,MOVE_DOWN,2260.0,2plLJpUcYPFrl1sW2pMG63
14,MOVE_DOWN,2260.0,70eFcWOvlMObDhURTqT4Fv
15,SAME_POSITION,2168.0,6b2RcmUt1g9N9mQ3CbjX2Y
16,MOVE_UP,2133.0,51Fjme0JiitpyXKuyQiCDo
17,SAME_POSITION,2131.0,6v3KW9xbzN5yKLt9YKDYA2
18,MOVE_DOWN,2020.0,4yI3HpbSFSgFZtJP2kDe5m
19,MOVE_UP,1972.0,1lOe9qE0vR9zwWQAOk6CoO
20,MOVE_UP,1869.0,1000nHvUdawXuUHgBod4Wv
21,MOVE_DOWN,1859.0,6Gg1gjgKi2AK4e0qzsR7sd
22,MOVE_UP,1823.0,7LzouaWGFCy4tkXDOOnEyM
23,MOVE_DOWN,1821.0,0q3QoeqUKLIiHz7d43nvGb
24,MOVE_DOWN,1804.0,1iQDltZqI7BXnHrFy4Qo1k
25,MOVE_UP,1741.0,4sjiIpEv617LDXaidKioOI
26,MOVE_UP,1710.0,6kls8cSlUyHW2BUOkDJIZE
27,MOVE_UP,1610.0,7CHi4DtfK4heMlQaudCuHK
28,MOVE_UP,1608.0,1tNJrcVe6gwLEiZCtprs1u
29,MOVE_DOWN,1565.0,07Oz5StQ7GRoygNLaXs2pd
30,MOVE_UP,1558.0,6wo37KVqFJhtuxPTpLCcfe
31,MOVE_DOWN,1550.0,7vJS1DPc3FzBtqBs8n3mW5
32,MOVE_UP,1533.0,1DFD5Fotzgn6yYXkYsKiGs
33,MOVE_DOWN,1522.0,4vUmTMuQqjdnvlZmAH61Qk
34,MOVE_UP,1496.0,1ZPWWSwCkxKfqdp4H0RFCo
35,MOVE_DOWN,1476.0,7CZyCXKG6d5ALeq41sLzbw
36,MOVE_UP,1464.0,56AMYGJzxBO6p8v0wEe9de
37,MOVE_DOWN,1386.0,5rwsJbBNa8SfPW4oFA1GjP
38,MOVE_DOWN,1382.0,1J1WcSNROaYu2H8YHsyTaY
39,MOVE_UP,1381.0,6V9fHiv84WlVTg7CSnIVY2
40,MOVE_UP,1339.0,5hDAT527wXWNBnJlujhuUs
41,MOVE_UP,1330.0,6moU77g9RQyMzHNuKEaQKq
42,MOVE_DOWN,1325.0,6vBdBCoOhKHiYDDOcorfNo
43,MOVE_DOWN,1325.0,0hVXuCcriWRGvwMV1r5Yn9
44,MOVE_DOWN,1315.0,24Yi9hE78yPEbZ4kxyoXAI
45,MOVE_DOWN,1306.0,3cphb8kdsjElYR7r5icK3H
46,MOVE_DOWN,1252.0,2wrJq5XKLnmhRXHIAf9xBa
47,MOVE_UP,1241.0,0RiRZpuVRbi7oqRdSMwhQY
48,MOVE_UP,1180.0,4Of7rzpRpV1mWRbhp5rAqG
49,MOVE_DOWN,1178.0,26wLOs3ZuHJa2Ihhx6QIE6
50,MOVE_DOWN,1154.0,6muOWhMh7Tf0UFUtMDBhUR
51,MOVE_UP,1152.0,7MSS9mAqAHHkUCa7HL0RbA
52,MOVE_UP,1113.0,285pBltuF7vW8TeWk8hdRR
53,MOVE_DOWN,1096.0,1tjM9dP8GWkYl4orF7yLWD
54,MOVE_DOWN,1088.0,0Z26mbSHJ1dkUu7g9DDgif
55,MOVE_UP,1082.0,2gUJfXmgVvnzGFk7J6dZch
56,MOVE_UP,1073.0,2YpeDb67231RjR0MgVLzsG
57,MOVE_UP,1059.0,2xLMifQCjDGFmkHkpNLD9h
58,MOVE_DOWN,1053.0,3JWiDGQX2eTlFvKj3Yssj3
59,MOVE_DOWN,1052.0,0mjAU3yKR1QnXnHtjGJqTM
60,MOVE_UP,1048.0,0u2P5u6lvoDfwTYjAADbn4
61,MOVE_UP,1035.0,2qxmye6gAegTMjLKEBoR3d
62,MOVE_UP,1026.0,4sWuPniHClkInYAnzXAYUF
63,SAME_POSITION,1025.0,43zdsphuZLzwA9k4DJhU0I
64,MOVE_DOWN,1011.0,3NkJNL3WqO1Lqc3uNDxvCN
65,MOVE_UP,1004.0,6gBFPUFcJLzWGx4lenP6h2
66,MOVE_UP,1002.0,4a6q8CR2hzLk2plDkSxkfD
1,SAME_POSITION,4893.0,1rgnBhdG2JDFTbYkYRZAku
2,SAME_POSITION,3498.0,3eekarcy7kvN4yt5ZFzltW
3,SAME_POSITION,3396.0,21jGcNKet2qwijlDFuPiPb
4,SAME_POSITION,2962.0,1HfMVBKM75vxSfsQ5VefZ5
5,SAME_POSITION,2545.0,7aiClxsDWFRQ0Kzk5KI5ku
6,SAME_POSITION,2532.0,2tnVG71enUj33Ic2nFN6kZ
7,SAME_POSITION,2529.0,6WrI0LAC5M1Rw2MnX2ZvEg
8,MOVE_UP,2380.0,7qEHsqek33rTcFNT9PFqLf
9,MOVE_DOWN,2338.0,2QpGZOhTCHHiKmpSO9FW4h
10,MOVE_DOWN,2281.0,2b8fOow8UzyDFAE27YhOZM
11,MOVE_UP,2133.0,2plLJpUcYPFrl1sW2pMG63
12,MOVE_UP,2132.0,70eFcWOvlMObDhURTqT4Fv
13,MOVE_DOWN,2102.0,2Fxmhks0bxGSBdJ92vM42m
14,MOVE_UP,2080.0,6b2RcmUt1g9N9mQ3CbjX2Y
15,MOVE_DOWN,1987.0,0c7K73roy6RW4ebDkf4yGh
16,SAME_POSITION,1900.0,51Fjme0JiitpyXKuyQiCDo
17,SAME_POSITION,1863.0,6v3KW9xbzN5yKLt9YKDYA2
18,SAME_POSITION,1849.0,4yI3HpbSFSgFZtJP2kDe5m
19,MOVE_UP,1775.0,1000nHvUdawXuUHgBod4Wv
20,MOVE_UP,1739.0,1ZPWWSwCkxKfqdp4H0RFCo
21,MOVE_DOWN,1724.0,1lOe9qE0vR9zwWQAOk6CoO
22,MOVE_UP,1687.0,1iQDltZqI7BXnHrFy4Qo1k
23,MOVE_DOWN,1672.0,7LzouaWGFCy4tkXDOOnEyM
24,MOVE_UP,1665.0,4sjiIpEv617LDXaidKioOI
25,MOVE_DOWN,1656.0,6Gg1gjgKi2AK4e0qzsR7sd
26,NEW_ENTRY,1642.0,7a7jc9S9p4dz5eWQVtvSUp
27,MOVE_DOWN,1593.0,6kls8cSlUyHW2BUOkDJIZE
28,MOVE_DOWN,1511.0,0q3QoeqUKLIiHz7d43nvGb
29,MOVE_UP,1488.0,6wo37KVqFJhtuxPTpLCcfe
30,MOVE_DOWN,1476.0,1tNJrcVe6gwLEiZCtprs1u
31,SAME_POSITION,1459.0,7vJS1DPc3FzBtqBs8n3mW5
32,MOVE_DOWN,1420.0,7CHi4DtfK4heMlQaudCuHK
33,MOVE_DOWN,1420.0,07Oz5StQ7GRoygNLaXs2pd
34,MOVE_DOWN,1397.0,4vUmTMuQqjdnvlZmAH61Qk
35,MOVE_UP,1365.0,56AMYGJzxBO6p8v0wEe9de
36,MOVE_DOWN,1362.0,7CZyCXKG6d5ALeq41sLzbw
37,MOVE_UP,1293.0,6V9fHiv84WlVTg7CSnIVY2
38,MOVE_UP,1289.0,0hVXuCcriWRGvwMV1r5Yn9
39,MOVE_UP,1272.0,6moU77g9RQyMzHNuKEaQKq
40,MOVE_UP,1252.0,6vBdBCoOhKHiYDDOcorfNo
41,MOVE_UP,1233.0,3cphb8kdsjElYR7r5icK3H
42,MOVE_DOWN,1232.0,5hDAT527wXWNBnJlujhuUs
43,MOVE_UP,1216.0,24Yi9hE78yPEbZ4kxyoXAI
44,MOVE_DOWN,1215.0,5rwsJbBNa8SfPW4oFA1GjP
45,MOVE_UP,1212.0,26wLOs3ZuHJa2Ihhx6QIE6
46,MOVE_UP,1208.0,6muOWhMh7Tf0UFUtMDBhUR
47,MOVE_DOWN,1206.0,1J1WcSNROaYu2H8YHsyTaY
48,MOVE_DOWN,1203.0,1DFD5Fotzgn6yYXkYsKiGs
49,MOVE_DOWN,1150.0,0RiRZpuVRbi7oqRdSMwhQY
50,MOVE_DOWN,1141.0,2wrJq5XKLnmhRXHIAf9xBa
51,MOVE_UP,1139.0,43zdsphuZLzwA9k4DJhU0I
52,MOVE_UP,1133.0,0u2P5u6lvoDfwTYjAADbn4
53,MOVE_DOWN,1124.0,285pBltuF7vW8TeWk8hdRR
54,MOVE_DOWN,1100.0,4Of7rzpRpV1mWRbhp5rAqG
55,MOVE_DOWN,1086.0,1tjM9dP8GWkYl4orF7yLWD
56,MOVE_UP,1040.0,2qxmye6gAegTMjLKEBoR3d
57,MOVE_UP,1022.0,0mjAU3yKR1QnXnHtjGJqTM
58,MOVE_DOWN,1020.0,7MSS9mAqAHHkUCa7HL0RbA
59,MOVE_UP,1008.0,4a6q8CR2hzLk2plDkSxkfD
60,MOVE_DOWN,1001.0,2gUJfXmgVvnzGFk7J6dZch
1,SAME_POSITION,5316.0,1rgnBhdG2JDFTbYkYRZAku
2,SAME_POSITION,4132.0,3eekarcy7kvN4yt5ZFzltW
3,SAME_POSITION,3967.0,21jGcNKet2qwijlDFuPiPb
4,SAME_POSITION,3487.0,1HfMVBKM75vxSfsQ5VefZ5
5,MOVE_UP,3408.0,6WrI0LAC5M1Rw2MnX2ZvEg
6,MOVE_UP,3040.0,7a7jc9S9p4dz5eWQVtvSUp
7,MOVE_DOWN,2859.0,7aiClxsDWFRQ0Kzk5KI5ku
8,MOVE_DOWN,2836.0,2tnVG71enUj33Ic2nFN6kZ
9,MOVE_UP,2807.0,2b8fOow8UzyDFAE27YhOZM
10,MOVE_DOWN,2718.0,2QpGZOhTCHHiKmpSO9FW4h
11,MOVE_DOWN,2571.0,7qEHsqek33rTcFNT9PFqLf
12,MOVE_DOWN,2464.0,2plLJpUcYPFrl1sW2pMG63
13,MOVE_UP,2345.0,6b2RcmUt1g9N9mQ3CbjX2Y
14,MOVE_DOWN,2338.0,70eFcWOvlMObDhURTqT4Fv
15,MOVE_DOWN,2311.0,2Fxmhks0bxGSBdJ92vM42m
16,MOVE_DOWN,2310.0,0c7K73roy6RW4ebDkf4yGh
17,MOVE_UP,2278.0,4yI3HpbSFSgFZtJP2kDe5m
18,MOVE_DOWN,2134.0,6v3KW9xbzN5yKLt9YKDYA2
19,MOVE_UP,2086.0,1iQDltZqI7BXnHrFy4Qo1k
20,SAME_POSITION,2075.0,1ZPWWSwCkxKfqdp4H0RFCo
21,MOVE_UP,1948.0,6Gg1gjgKi2AK4e0qzsR7sd
22,MOVE_UP,1830.0,7LzouaWGFCy4tkXDOOnEyM
23,MOVE_DOWN,1805.0,51Fjme0JiitpyXKuyQiCDo
24,MOVE_DOWN,1775.0,1lOe9qE0vR9zwWQAOk6CoO
25,MOVE_UP,1770.0,7CHi4DtfK4heMlQaudCuHK
26,MOVE_DOWN,1760.0,4sjiIpEv617LDXaidKioOI
27,SAME_POSITION,1725.0,6kls8cSlUyHW2BUOkDJIZE
28,MOVE_DOWN,1723.0,1000nHvUdawXuUHgBod4Wv
29,MOVE_UP,1714.0,7CZyCXKG6d5ALeq41sLzbw
30,MOVE_UP,1705.0,07Oz5StQ7GRoygNLaXs2pd
31,MOVE_DOWN,1697.0,6wo37KVqFJhtuxPTpLCcfe
32,MOVE_UP,1682.0,56AMYGJzxBO6p8v0wEe9de
33,MOVE_UP,1613.0,3cphb8kdsjElYR7r5icK3H
34,SAME_POSITION,1585.0,4vUmTMuQqjdnvlZmAH61Qk
35,MOVE_DOWN,1581.0,7vJS1DPc3FzBtqBs8n3mW5
36,MOVE_DOWN,1553.0,1tNJrcVe6gwLEiZCtprs1u
37,MOVE_DOWN,1545.0,0q3QoeqUKLIiHz7d43nvGb
38,MOVE_DOWN,1537.0,6V9fHiv84WlVTg7CSnIVY2
39,MOVE_UP,1510.0,6muOWhMh7Tf0UFUtMDBhUR
40,MOVE_UP,1460.0,1J1WcSNROaYu2H8YHsyTaY
41,MOVE_DOWN,1451.0,6vBdBCoOhKHiYDDOcorfNo
42,MOVE_UP,1432.0,5rwsJbBNa8SfPW4oFA1GjP
43,MOVE_DOWN,1427.0,0hVXuCcriWRGvwMV1r5Yn9
44,MOVE_UP,1395.0,1DFD5Fotzgn6yYXkYsKiGs
45,MOVE_DOWN,1391.0,5hDAT527wXWNBnJlujhuUs
46,MOVE_DOWN,1391.0,26wLOs3ZuHJa2Ihhx6QIE6
47,MOVE_DOWN,1367.0,6moU77g9RQyMzHNuKEaQKq
48,MOVE_UP,1357.0,2wrJq5XKLnmhRXHIAf9xBa
49,MOVE_UP,1334.0,1tjM9dP8GWkYl4orF7yLWD
50,MOVE_DOWN,1278.0,24Yi9hE78yPEbZ4kxyoXAI
51,MOVE_UP,1224.0,4Of7rzpRpV1mWRbhp5rAqG
52,NEW_ENTRY,1202.0,0y675KDleCZEudjoeL1sQQ
53,MOVE_DOWN,1196.0,0RiRZpuVRbi7oqRdSMwhQY
54,MOVE_DOWN,1164.0,0u2P5u6lvoDfwTYjAADbn4
55,MOVE_DOWN,1161.0,43zdsphuZLzwA9k4DJhU0I
56,NEW_ENTRY,1149.0,5aUSEPNd3m5xliFK4pn5mU
57,MOVE_DOWN,1122.0,2qxmye6gAegTMjLKEBoR3d
58,NEW_ENTRY,1108.0,322tcqPhma7F6hfCeLisx0
59,MOVE_DOWN,1105.0,7MSS9mAqAHHkUCa7HL0RbA
60,MOVE_DOWN,1100.0,0mjAU3yKR1QnXnHtjGJqTM
61,NEW_ENTRY,1097.0,0Z26mbSHJ1dkUu7g9DDgif
62,MOVE_DOWN,1082.0,4a6q8CR2hzLk2plDkSxkfD
63,MOVE_DOWN,1076.0,285pBltuF7vW8TeWk8hdRR
64,NEW_ENTRY,1062.0,2xLMifQCjDGFmkHkpNLD9h
65,MOVE_DOWN,1056.0,2gUJfXmgVvnzGFk7J6dZch
66,NEW_ENTRY,1047.0,6cy3ki60hLwimwIje7tALf
67,NEW_ENTRY,1043.0,4fwo6czG5nvOQMzhOto1ya
68,NEW_ENTRY,1037.0,6oJ6le65B3SEqPwMRNXWjY
69,NEW_ENTRY,1027.0,0rIAC4PXANcKmitJfoqmVm
70,NEW_ENTRY,1011.0,35poFvLMiXHPZsItZ0HiHZ
1,SAME_POSITION,5136.0,1rgnBhdG2JDFTbYkYRZAku
2,SAME_POSITION,4055.0,3eekarcy7kvN4yt5ZFzltW
3,SAME_POSITION,3905.0,21jGcNKet2qwijlDFuPiPb
4,MOVE_UP,3379.0,6WrI0LAC5M1Rw2MnX2ZvEg
5,MOVE_DOWN,3373.0,1HfMVBKM75vxSfsQ5VefZ5
6,SAME_POSITION,3032.0,7a7jc9S9p4dz5eWQVtvSUp
7,MOVE_UP,2876.0,2tnVG71enUj33Ic2nFN6kZ
8,MOVE_DOWN,2835.0,7aiClxsDWFRQ0Kzk5KI5ku
9,SAME_POSITION,2782.0,2b8fOow8UzyDFAE27YhOZM
10,MOVE_UP,2513.0,7qEHsqek33rTcFNT9PFqLf
11,MOVE_DOWN,2477.0,2QpGZOhTCHHiKmpSO9FW4h
12,SAME_POSITION,2469.0,2plLJpUcYPFrl1sW2pMG63
13,MOVE_UP,2343.0,70eFcWOvlMObDhURTqT4Fv
14,MOVE_DOWN,2336.0,6b2RcmUt1g9N9mQ3CbjX2Y
15,SAME_POSITION,2336.0,2Fxmhks0bxGSBdJ92vM42m
16,SAME_POSITION,2265.0,0c7K73roy6RW4ebDkf4yGh
17,SAME_POSITION,2170.0,4yI3HpbSFSgFZtJP2kDe5m
18,SAME_POSITION,2080.0,6v3KW9xbzN5yKLt9YKDYA2
19,MOVE_UP,2079.0,1ZPWWSwCkxKfqdp4H0RFCo
20,MOVE_DOWN,2029.0,1iQDltZqI7BXnHrFy4Qo1k
21,SAME_POSITION,1931.0,6Gg1gjgKi2AK4e0qzsR7sd
22,SAME_POSITION,1844.0,7LzouaWGFCy4tkXDOOnEyM
23,MOVE_UP,1829.0,4sjiIpEv617LDXaidKioOI
24,MOVE_UP,1785.0,6wo37KVqFJhtuxPTpLCcfe
25,MOVE_DOWN,1764.0,51Fjme0JiitpyXKuyQiCDo
26,MOVE_DOWN,1764.0,7CHi4DtfK4heMlQaudCuHK
27,MOVE_UP,1692.0,1000nHvUdawXuUHgBod4Wv
28,MOVE_DOWN,1691.0,1lOe9qE0vR9zwWQAOk6CoO
29,MOVE_UP,1683.0,07Oz5StQ7GRoygNLaXs2pd
30,MOVE_UP,1671.0,56AMYGJzxBO6p8v0wEe9de
31,MOVE_UP,1628.0,1tNJrcVe6gwLEiZCtprs1u
32,MOVE_DOWN,1590.0,6kls8cSlUyHW2BUOkDJIZE
33,MOVE_UP,1575.0,0q3QoeqUKLIiHz7d43nvGb
34,MOVE_DOWN,1561.0,7CZyCXKG6d5ALeq41sLzbw
35,MOVE_DOWN,1541.0,4vUmTMuQqjdnvlZmAH61Qk
36,MOVE_DOWN,1536.0,3cphb8kdsjElYR7r5icK3H
37,MOVE_DOWN,1517.0,7vJS1DPc3FzBtqBs8n3mW5
38,MOVE_UP,1502.0,6muOWhMh7Tf0UFUtMDBhUR
39,MOVE_DOWN,1478.0,6V9fHiv84WlVTg7CSnIVY2
40,MOVE_UP,1436.0,6vBdBCoOhKHiYDDOcorfNo
41,MOVE_UP,1433.0,5hDAT527wXWNBnJlujhuUs
42,MOVE_UP,1430.0,26wLOs3ZuHJa2Ihhx6QIE6
43,MOVE_DOWN,1406.0,5rwsJbBNa8SfPW4oFA1GjP
44,MOVE_DOWN,1400.0,0hVXuCcriWRGvwMV1r5Yn9
45,MOVE_UP,1384.0,1tjM9dP8GWkYl4orF7yLWD
46,MOVE_UP,1350.0,6moU77g9RQyMzHNuKEaQKq
47,MOVE_DOWN,1335.0,1DFD5Fotzgn6yYXkYsKiGs
48,SAME_POSITION,1328.0,2wrJq5XKLnmhRXHIAf9xBa
49,MOVE_UP,1234.0,24Yi9hE78yPEbZ4kxyoXAI
50,MOVE_UP,1186.0,0y675KDleCZEudjoeL1sQQ
51,MOVE_UP,1167.0,0u2P5u6lvoDfwTYjAADbn4
52,MOVE_UP,1166.0,43zdsphuZLzwA9k4DJhU0I
53,SAME_POSITION,1141.0,0RiRZpuVRbi7oqRdSMwhQY
54,MOVE_UP,1138.0,4a6q8CR2hzLk2plDkSxkfD
55,MOVE_UP,1133.0,0Z26mbSHJ1dkUu7g9DDgif
56,SAME_POSITION,1131.0,5aUSEPNd3m5xliFK4pn5mU
57,MOVE_DOWN,1131.0,1J1WcSNROaYu2H8YHsyTaY
58,MOVE_DOWN,1128.0,4Of7rzpRpV1mWRbhp5rAqG
59,SAME_POSITION,1125.0,7MSS9mAqAHHkUCa7HL0RbA
60,MOVE_UP,1114.0,2gUJfXmgVvnzGFk7J6dZch
61,MOVE_UP,1087.0,6cy3ki60hLwimwIje7tALf
62,MOVE_DOWN,1081.0,0mjAU3yKR1QnXnHtjGJqTM
63,MOVE_DOWN,1081.0,322tcqPhma7F6hfCeLisx0
64,MOVE_DOWN,1057.0,2qxmye6gAegTMjLKEBoR3d
65,MOVE_UP,1055.0,35poFvLMiXHPZsItZ0HiHZ
66,MOVE_DOWN,1035.0,2xLMifQCjDGFmkHkpNLD9h
67,MOVE_DOWN,1034.0,285pBltuF7vW8TeWk8hdRR
68,NEW_ENTRY,1031.0,314ZkcV7oLWG8yWE7LABvH
69,MOVE_DOWN,1021.0,6oJ6le65B3SEqPwMRNXWjY
70,NEW_ENTRY,1019.0,6gBFPUFcJLzWGx4lenP6h2
71,MOVE_DOWN,1017.0,4fwo6czG5nvOQMzhOto1ya
72,MOVE_DOWN,1014.0,0rIAC4PXANcKmitJfoqmVm
73,NEW_ENTRY,1006.0,7ycWLEP1GsNjVvcjawXz3z
74,NEW_ENTRY,1005.0,4sWuPniHClkInYAnzXAYUF
75,NEW_ENTRY,1004.0,53ORJG1CfDX0xo8qyhup6Q
1,SAME_POSITION,5107.0,1rgnBhdG2JDFTbYkYRZAku
2,SAME_POSITION,4101.0,3eekarcy7kvN4yt5ZFzltW
3,SAME_POSITION,3780.0,21jGcNKet2qwijlDFuPiPb
4,SAME_POSITION,3317.0,6WrI0LAC5M1Rw2MnX2ZvEg
5,SAME_POSITION,3200.0,1HfMVBKM75vxSfsQ5VefZ5
6,MOVE_UP,2940.0,2tnVG71enUj33Ic2nFN6kZ
7,MOVE_UP,2924.0,7aiClxsDWFRQ0Kzk5KI5ku
8,MOVE_DOWN,2867.0,7a7jc9S9p4dz5eWQVtvSUp
9,SAME_POSITION,2832.0,2b8fOow8UzyDFAE27YhOZM
10,NEW_ENTRY,2655.0,15epnOVXX9PRB7A6z3YtZV
11,SAME_POSITION,2524.0,2QpGZOhTCHHiKmpSO9FW4h
12,SAME_POSITION,2506.0,2plLJpUcYPFrl1sW2pMG63
13,MOVE_DOWN,2488.0,7qEHsqek33rTcFNT9PFqLf
14,MOVE_UP,2432.0,1ZPWWSwCkxKfqdp4H0RFCo
15,MOVE_DOWN,2423.0,70eFcWOvlMObDhURTqT4Fv
16,MOVE_DOWN,2358.0,2Fxmhks0bxGSBdJ92vM42m
17,MOVE_DOWN,2356.0,6b2RcmUt1g9N9mQ3CbjX2Y
18,MOVE_DOWN,2248.0,0c7K73roy6RW4ebDkf4yGh
19,MOVE_DOWN,2235.0,4yI3HpbSFSgFZtJP2kDe5m
20,MOVE_DOWN,2136.0,6v3KW9xbzN5yKLt9YKDYA2
21,MOVE_DOWN,2113.0,1iQDltZqI7BXnHrFy4Qo1k
22,MOVE_DOWN,2048.0,6Gg1gjgKi2AK4e0qzsR7sd
23,SAME_POSITION,2039.0,4sjiIpEv617LDXaidKioOI
24,MOVE_DOWN,1860.0,7LzouaWGFCy4tkXDOOnEyM
25,MOVE_UP,1815.0,1000nHvUdawXuUHgBod4Wv
26,SAME_POSITION,1808.0,7CHi4DtfK4heMlQaudCuHK
27,MOVE_UP,1765.0,1lOe9qE0vR9zwWQAOk6CoO
28,MOVE_DOWN,1761.0,6wo37KVqFJhtuxPTpLCcfe
29,MOVE_UP,1718.0,56AMYGJzxBO6p8v0wEe9de
30,MOVE_DOWN,1705.0,07Oz5StQ7GRoygNLaXs2pd
31,MOVE_DOWN,1677.0,51Fjme0JiitpyXKuyQiCDo
32,MOVE_UP,1619.0,7CZyCXKG6d5ALeq41sLzbw
33,MOVE_UP,1610.0,6V9fHiv84WlVTg7CSnIVY2
34,MOVE_DOWN,1606.0,6kls8cSlUyHW2BUOkDJIZE
35,MOVE_UP,1603.0,3cphb8kdsjElYR7r5icK3H
36,MOVE_DOWN,1601.0,4vUmTMuQqjdnvlZmAH61Qk
37,MOVE_UP,1585.0,6muOWhMh7Tf0UFUtMDBhUR
38,MOVE_UP,1523.0,5rwsJbBNa8SfPW4oFA1GjP
39,MOVE_DOWN,1521.0,1tNJrcVe6gwLEiZCtprs1u
40,MOVE_DOWN,1504.0,7vJS1DPc3FzBtqBs8n3mW5
41,MOVE_UP,1489.0,0hVXuCcriWRGvwMV1r5Yn9
42,MOVE_DOWN,1480.0,5hDAT527wXWNBnJlujhuUs
43,MOVE_UP,1476.0,1tjM9dP8GWkYl4orF7yLWD
44,MOVE_DOWN,1441.0,26wLOs3ZuHJa2Ihhx6QIE6
45,MOVE_DOWN,1437.0,0q3QoeqUKLIiHz7d43nvGb
46,SAME_POSITION,1423.0,6moU77g9RQyMzHNuKEaQKq
47,MOVE_UP,1382.0,2wrJq5XKLnmhRXHIAf9xBa
48,MOVE_DOWN,1361.0,1DFD5Fotzgn6yYXkYsKiGs
49,MOVE_DOWN,1323.0,6vBdBCoOhKHiYDDOcorfNo
50,SAME_POSITION,1278.0,0y675KDleCZEudjoeL1sQQ
51,MOVE_UP,1244.0,1J1WcSNROaYu2H8YHsyTaY
52,MOVE_DOWN,1235.0,24Yi9hE78yPEbZ4kxyoXAI
53,MOVE_DOWN,1189.0,43zdsphuZLzwA9k4DJhU0I
54,MOVE_UP,1171.0,4Of7rzpRpV1mWRbhp5rAqG
55,MOVE_UP,1169.0,5aUSEPNd3m5xliFK4pn5mU
56,MOVE_DOWN,1158.0,0Z26mbSHJ1dkUu7g9DDgif
57,MOVE_DOWN,1151.0,4a6q8CR2hzLk2plDkSxkfD
58,MOVE_UP,1143.0,7MSS9mAqAHHkUCa7HL0RbA
59,MOVE_DOWN,1137.0,0RiRZpuVRbi7oqRdSMwhQY
60,MOVE_UP,1132.0,0mjAU3yKR1QnXnHtjGJqTM
61,MOVE_UP,1130.0,2qxmye6gAegTMjLKEBoR3d
62,MOVE_DOWN,1124.0,0u2P5u6lvoDfwTYjAADbn4
63,MOVE_DOWN,1122.0,6cy3ki60hLwimwIje7tALf
64,MOVE_DOWN,1120.0,322tcqPhma7F6hfCeLisx0
65,MOVE_UP,1111.0,4fwo6czG5nvOQMzhOto1ya
66,SAME_POSITION,1080.0,2xLMifQCjDGFmkHkpNLD9h
67,MOVE_DOWN,1079.0,2gUJfXmgVvnzGFk7J6dZch
68,MOVE_DOWN,1069.0,285pBltuF7vW8TeWk8hdRR
69,SAME_POSITION,1062.0,6oJ6le65B3SEqPwMRNXWjY
70,NEW_ENTRY,1055.0,46D0hYb1B7qiU33VtXt21W
71,MOVE_DOWN,1040.0,314ZkcV7oLWG8yWE7LABvH
72,NEW_ENTRY,1034.0,5nCthAh3jt4xKuLJAifAaR
73,MOVE_DOWN,1022.0,6gBFPUFcJLzWGx4lenP6h2
74,MOVE_DOWN,1022.0,0rIAC4PXANcKmitJfoqmVm
75,NEW_ENTRY,1019.0,5a6pdCHlWS2ekOOQ70QnAr
76,MOVE_DOWN,1019.0,4sWuPniHClkInYAnzXAYUF
77,MOVE_DOWN,1019.0,7ycWLEP1GsNjVvcjawXz3z
78,NEW_ENTRY,1007.0,0TMGV2zMZXOILVtQLtkI3G
79,NEW_ENTRY,1006.0,1SNiXDwSilLujcYdvfqVpT
1,SAME_POSITION,4962.0,1rgnBhdG2JDFTbYkYRZAku
2,SAME_POSITION,4087.0,3eekarcy7kvN4yt5ZFzltW
3,SAME_POSITION,3834.0,21jGcNKet2qwijlDFuPiPb
4,SAME_POSITION,3407.0,6WrI0LAC5M1Rw2MnX2ZvEg
5,SAME_POSITION,3236.0,1HfMVBKM75vxSfsQ5VefZ5
6,MOVE_UP,3010.0,7a7jc9S9p4dz5eWQVtvSUp
7,MOVE_DOWN,2975.0,2tnVG71enUj33Ic2nFN6kZ
8,MOVE_DOWN,2877.0,7aiClxsDWFRQ0Kzk5KI5ku
9,MOVE_UP,2839.0,15epnOVXX9PRB7A6z3YtZV
10,MOVE_DOWN,2728.0,2b8fOow8UzyDFAE27YhOZM
11,MOVE_UP,2662.0,1ZPWWSwCkxKfqdp4H0RFCo
12,SAME_POSITION,2472.0,2plLJpUcYPFrl1sW2pMG63
13,SAME_POSITION,2453.0,7qEHsqek33rTcFNT9PFqLf
14,MOVE_UP,2411.0,6b2RcmUt1g9N9mQ3CbjX2Y
15,SAME_POSITION,2351.0,70eFcWOvlMObDhURTqT4Fv
16,MOVE_DOWN,2339.0,2QpGZOhTCHHiKmpSO9FW4h
17,MOVE_DOWN,2316.0,2Fxmhks0bxGSBdJ92vM42m
18,SAME_POSITION,2289.0,0c7K73roy6RW4ebDkf4yGh
19,MOVE_UP,2166.0,1iQDltZqI7BXnHrFy4Qo1k
20,MOVE_DOWN,2090.0,4yI3HpbSFSgFZtJP2kDe5m
21,MOVE_DOWN,2068.0,6v3KW9xbzN5yKLt9YKDYA2
22,SAME_POSITION,1920.0,6Gg1gjgKi2AK4e0qzsR7sd
23,MOVE_UP,1874.0,7LzouaWGFCy4tkXDOOnEyM
24,MOVE_DOWN,1870.0,4sjiIpEv617LDXaidKioOI
25,MOVE_UP,1842.0,1lOe9qE0vR9zwWQAOk6CoO
26,SAME_POSITION,1839.0,7CHi4DtfK4heMlQaudCuHK
27,MOVE_UP,1757.0,51Fjme0JiitpyXKuyQiCDo
28,MOVE_UP,1681.0,4vUmTMuQqjdnvlZmAH61Qk
29,MOVE_UP,1674.0,07Oz5StQ7GRoygNLaXs2pd
30,MOVE_DOWN,1673.0,1000nHvUdawXuUHgBod4Wv
31,MOVE_DOWN,1661.0,56AMYGJzxBO6p8v0wEe9de
32,MOVE_DOWN,1652.0,6wo37KVqFJhtuxPTpLCcfe
33,MOVE_UP,1643.0,1tNJrcVe6gwLEiZCtprs1u
34,MOVE_DOWN,1590.0,7CZyCXKG6d5ALeq41sLzbw
35,SAME_POSITION,1571.0,3cphb8kdsjElYR7r5icK3H
36,MOVE_UP,1550.0,5rwsJbBNa8SfPW4oFA1GjP
37,MOVE_DOWN,1526.0,6kls8cSlUyHW2BUOkDJIZE
38,MOVE_UP,1517.0,0q3QoeqUKLIiHz7d43nvGb
39,MOVE_DOWN,1500.0,6V9fHiv84WlVTg7CSnIVY2
40,SAME_POSITION,1447.0,7vJS1DPc3FzBtqBs8n3mW5
41,SAME_POSITION,1436.0,0hVXuCcriWRGvwMV1r5Yn9
42,MOVE_UP,1434.0,26wLOs3ZuHJa2Ihhx6QIE6
43,MOVE_UP,1427.0,1DFD5Fotzgn6yYXkYsKiGs
44,MOVE_DOWN,1417.0,5hDAT527wXWNBnJlujhuUs
45,MOVE_DOWN,1407.0,1tjM9dP8GWkYl4orF7yLWD
46,MOVE_UP,1407.0,2wrJq5XKLnmhRXHIAf9xBa
47,MOVE_DOWN,1397.0,6muOWhMh7Tf0UFUtMDBhUR
48,MOVE_UP,1375.0,6vBdBCoOhKHiYDDOcorfNo
49,MOVE_DOWN,1356.0,6moU77g9RQyMzHNuKEaQKq
50,MOVE_UP,1252.0,24Yi9hE78yPEbZ4kxyoXAI
51,SAME_POSITION,1237.0,1J1WcSNROaYu2H8YHsyTaY
52,MOVE_DOWN,1203.0,0y675KDleCZEudjoeL1sQQ
53,MOVE_UP,1196.0,4Of7rzpRpV1mWRbhp5rAqG
54,MOVE_UP,1181.0,0mjAU3yKR1QnXnHtjGJqTM
55,MOVE_UP,1177.0,0RiRZpuVRbi7oqRdSMwhQY
56,MOVE_UP,1173.0,4a6q8CR2hzLk2plDkSxkfD
57,MOVE_DOWN,1157.0,43zdsphuZLzwA9k4DJhU0I
58,MOVE_DOWN,1156.0,5aUSEPNd3m5xliFK4pn5mU
59,MOVE_UP,1143.0,0u2P5u6lvoDfwTYjAADbn4
60,MOVE_DOWN,1142.0,0Z26mbSHJ1dkUu7g9DDgif
61,NEW_ENTRY,1127.0,35poFvLMiXHPZsItZ0HiHZ
62,MOVE_UP,1117.0,322tcqPhma7F6hfCeLisx0
63,MOVE_DOWN,1114.0,7MSS9mAqAHHkUCa7HL0RbA
64,MOVE_DOWN,1098.0,2qxmye6gAegTMjLKEBoR3d
65,MOVE_UP,1087.0,6oJ6le65B3SEqPwMRNXWjY
66,MOVE_DOWN,1073.0,6cy3ki60hLwimwIje7tALf
67,MOVE_UP,1061.0,285pBltuF7vW8TeWk8hdRR
68,MOVE_DOWN,1041.0,2gUJfXmgVvnzGFk7J6dZch
69,MOVE_DOWN,1039.0,4fwo6czG5nvOQMzhOto1ya
70,MOVE_DOWN,1024.0,2xLMifQCjDGFmkHkpNLD9h
71,NEW_ENTRY,1011.0,53ORJG1CfDX0xo8qyhup6Q
72,NEW_ENTRY,1011.0,20JtELGPfOAMq7FpUt8eSM
73,MOVE_DOWN,1003.0,314ZkcV7oLWG8yWE7LABvH
74,MOVE_UP,1002.0,7ycWLEP1GsNjVvcjawXz3z
1,SAME_POSITION,5585.0,1rgnBhdG2JDFTbYkYRZAku
2,SAME_POSITION,4553.0,3eekarcy7kvN4yt5ZFzltW
3,SAME_POSITION,4026.0,21jGcNKet2qwijlDFuPiPb
4,SAME_POSITION,3371.0,6WrI0LAC5M1Rw2MnX2ZvEg
5,MOVE_UP,3342.0,50ijEQSR94O6eJgf0GbWuP
6,MOVE_UP,3159.0,2tnVG71enUj33Ic2nFN6kZ
7,MOVE_DOWN,3144.0,1HfMVBKM75vxSfsQ5VefZ5
8,SAME_POSITION,3076.0,7aiClxsDWFRQ0Kzk5KI5ku
9,MOVE_UP,2998.0,1ZPWWSwCkxKfqdp4H0RFCo
10,MOVE_DOWN,2923.0,15epnOVXX9PRB7A6z3YtZV
11,MOVE_DOWN,2921.0,2b8fOow8UzyDFAE27YhOZM
12,MOVE_UP,2661.0,2QpGZOhTCHHiKmpSO9FW4h
13,MOVE_UP,2594.0,2Fxmhks0bxGSBdJ92vM42m
14,MOVE_UP,2593.0,0c7K73roy6RW4ebDkf4yGh
15,MOVE_DOWN,2559.0,7qEHsqek33rTcFNT9PFqLf
16,MOVE_DOWN,2400.0,6b2RcmUt1g9N9mQ3CbjX2Y
17,MOVE_DOWN,2399.0,2plLJpUcYPFrl1sW2pMG63
18,MOVE_DOWN,2377.0,70eFcWOvlMObDhURTqT4Fv
19,MOVE_UP,2230.0,4yI3HpbSFSgFZtJP2kDe5m
20,MOVE_UP,2229.0,6v3KW9xbzN5yKLt9YKDYA2
21,MOVE_DOWN,2194.0,1iQDltZqI7BXnHrFy4Qo1k
22,SAME_POSITION,2130.0,6Gg1gjgKi2AK4e0qzsR7sd
23,MOVE_UP,2001.0,7CHi4DtfK4heMlQaudCuHK
24,SAME_POSITION,1998.0,4sjiIpEv617LDXaidKioOI
25,MOVE_UP,1973.0,51Fjme0JiitpyXKuyQiCDo
26,MOVE_DOWN,1913.0,1lOe9qE0vR9zwWQAOk6CoO
27,MOVE_UP,1896.0,56AMYGJzxBO6p8v0wEe9de
28,MOVE_UP,1848.0,7iHHxY2NLlJRAmlAmC4ahQ
29,MOVE_UP,1829.0,0q3QoeqUKLIiHz7d43nvGb
30,MOVE_DOWN,1789.0,7LzouaWGFCy4tkXDOOnEyM
31,MOVE_UP,1733.0,1tNJrcVe6gwLEiZCtprs1u
32,MOVE_UP,1703.0,7CZyCXKG6d5ALeq41sLzbw
33,MOVE_DOWN,1679.0,07Oz5StQ7GRoygNLaXs2pd
34,MOVE_UP,1660.0,3cphb8kdsjElYR7r5icK3H
35,MOVE_DOWN,1642.0,4vUmTMuQqjdnvlZmAH61Qk
36,SAME_POSITION,1630.0,5rwsJbBNa8SfPW4oFA1GjP
37,SAME_POSITION,1629.0,6kls8cSlUyHW2BUOkDJIZE
38,MOVE_DOWN,1626.0,6wo37KVqFJhtuxPTpLCcfe
39,SAME_POSITION,1582.0,6V9fHiv84WlVTg7CSnIVY2
40,MOVE_UP,1515.0,0hVXuCcriWRGvwMV1r5Yn9
41,MOVE_UP,1502.0,1DFD5Fotzgn6yYXkYsKiGs
42,MOVE_UP,1469.0,6vBdBCoOhKHiYDDOcorfNo
43,MOVE_DOWN,1467.0,26wLOs3ZuHJa2Ihhx6QIE6
44,MOVE_UP,1457.0,24Yi9hE78yPEbZ4kxyoXAI
45,SAME_POSITION,1439.0,1tjM9dP8GWkYl4orF7yLWD
46,MOVE_DOWN,1423.0,1000nHvUdawXuUHgBod4Wv
47,SAME_POSITION,1412.0,6muOWhMh7Tf0UFUtMDBhUR
48,MOVE_DOWN,1380.0,2wrJq5XKLnmhRXHIAf9xBa
49,SAME_POSITION,1372.0,5DqdesEfbRyOlSS3Tf6c29
50,MOVE_DOWN,1314.0,7vJS1DPc3FzBtqBs8n3mW5
51,NEW_ENTRY,1279.0,1VJwtWR6z7SpZRwipI12be
52,MOVE_UP,1249.0,0Z26mbSHJ1dkUu7g9DDgif
53,MOVE_UP,1243.0,0RiRZpuVRbi7oqRdSMwhQY
54,MOVE_UP,1231.0,7MSS9mAqAHHkUCa7HL0RbA
55,MOVE_DOWN,1200.0,1J1WcSNROaYu2H8YHsyTaY
56,SAME_POSITION,1188.0,4a6q8CR2hzLk2plDkSxkfD
57,MOVE_UP,1177.0,2gUJfXmgVvnzGFk7J6dZch
58,MOVE_DOWN,1173.0,0mjAU3yKR1QnXnHtjGJqTM
59,MOVE_UP,1170.0,35poFvLMiXHPZsItZ0HiHZ
60,MOVE_DOWN,1164.0,0u2P5u6lvoDfwTYjAADbn4
61,MOVE_DOWN,1162.0,0y675KDleCZEudjoeL1sQQ
62,MOVE_DOWN,1144.0,4Of7rzpRpV1mWRbhp5rAqG
63,MOVE_UP,1143.0,6cy3ki60hLwimwIje7tALf
64,MOVE_DOWN,1142.0,5aUSEPNd3m5xliFK4pn5mU
65,NEW_ENTRY,1140.0,7mEgb8sSsqPlCsz8RqSZ2v
66,MOVE_DOWN,1119.0,43zdsphuZLzwA9k4DJhU0I
67,NEW_ENTRY,1118.0,6gBFPUFcJLzWGx4lenP6h2
68,NEW_ENTRY,1117.0,2a3dopgTF1q4rMVDJ1rwBU
69,MOVE_UP,1115.0,20JtELGPfOAMq7FpUt8eSM
70,NEW_ENTRY,1113.0,2eZjO58Qe9og2xmyfw4qwJ
71,NEW_ENTRY,1110.0,4sWuPniHClkInYAnzXAYUF
72,MOVE_DOWN,1108.0,6oJ6le65B3SEqPwMRNXWjY
73,MOVE_UP,1105.0,7ycWLEP1GsNjVvcjawXz3z
74,MOVE_DOWN,1103.0,2qxmye6gAegTMjLKEBoR3d
75,MOVE_DOWN,1103.0,2xLMifQCjDGFmkHkpNLD9h
76,MOVE_DOWN,1101.0,322tcqPhma7F6hfCeLisx0
77,NEW_ENTRY,1095.0,2YpeDb67231RjR0MgVLzsG
78,NEW_ENTRY,1074.0,7DETuWY9GjRnHeEGGVT8Ee
79,NEW_ENTRY,1067.0,792c14LiectozZczjylkfW
80,NEW_ENTRY,1051.0,1SNiXDwSilLujcYdvfqVpT
81,NEW_ENTRY,1042.0,0e7ipj03S05BNilyu5bRzt
82,NEW_ENTRY,1041.0,3s4mrPrEFFPF0LmAfutW0n
83,MOVE_DOWN,1036.0,285pBltuF7vW8TeWk8hdRR
84,NEW_ENTRY,1035.0,0r5Nq9NExhHRcApKfFUBzk
85,NEW_ENTRY,1034.0,5ry2OE6R2zPQFDO85XkgRb
86,NEW_ENTRY,1027.0,4jvjzW7Hm0yK4LvvE0Paz9
87,MOVE_DOWN,1016.0,53ORJG1CfDX0xo8qyhup6Q
88,NEW_ENTRY,1015.0,7pWK1kMgHy5lNNiIfuRbkP
89,MOVE_DOWN,1014.0,314ZkcV7oLWG8yWE7LABvH
90,NEW_ENTRY,1010.0,2VxeLyX666F8uXCJ0dZF8B
1,SAME_POSITION,5041.0,1rgnBhdG2JDFTbYkYRZAku
2,SAME_POSITION,3842.0,3eekarcy7kvN4yt5ZFzltW
3,SAME_POSITION,3616.0,21jGcNKet2qwijlDFuPiPb
4,MOVE_UP,2933.0,1ZPWWSwCkxKfqdp4H0RFCo
5,MOVE_UP,2862.0,7aiClxsDWFRQ0Kzk5KI5ku
6,MOVE_DOWN,2817.0,6WrI0LAC5M1Rw2MnX2ZvEg
7,MOVE_DOWN,2786.0,2tnVG71enUj33Ic2nFN6kZ
8,MOVE_DOWN,2738.0,50ijEQSR94O6eJgf0GbWuP
9,MOVE_DOWN,2650.0,1HfMVBKM75vxSfsQ5VefZ5
10,MOVE_UP,2593.0,2b8fOow8UzyDFAE27YhOZM
11,MOVE_DOWN,2397.0,15epnOVXX9PRB7A6z3YtZV
12,SAME_POSITION,2326.0,2QpGZOhTCHHiKmpSO9FW4h
13,MOVE_UP,2305.0,0c7K73roy6RW4ebDkf4yGh
14,MOVE_DOWN,2305.0,2Fxmhks0bxGSBdJ92vM42m
15,SAME_POSITION,2249.0,7qEHsqek33rTcFNT9PFqLf
16,MOVE_UP,2202.0,70eFcWOvlMObDhURTqT4Fv
17,SAME_POSITION,2121.0,2plLJpUcYPFrl1sW2pMG63
18,MOVE_DOWN,2120.0,6b2RcmUt1g9N9mQ3CbjX2Y
19,MOVE_UP,2065.0,6v3KW9xbzN5yKLt9YKDYA2
20,MOVE_UP,1923.0,1lOe9qE0vR9zwWQAOk6CoO
21,MOVE_UP,1906.0,4sjiIpEv617LDXaidKioOI
22,MOVE_DOWN,1849.0,4yI3HpbSFSgFZtJP2kDe5m
23,MOVE_DOWN,1836.0,1iQDltZqI7BXnHrFy4Qo1k
24,MOVE_DOWN,1803.0,6Gg1gjgKi2AK4e0qzsR7sd
25,SAME_POSITION,1797.0,51Fjme0JiitpyXKuyQiCDo
26,MOVE_UP,1726.0,0q3QoeqUKLIiHz7d43nvGb
27,MOVE_DOWN,1650.0,7CHi4DtfK4heMlQaudCuHK
28,MOVE_UP,1642.0,7LzouaWGFCy4tkXDOOnEyM
29,MOVE_DOWN,1612.0,7iHHxY2NLlJRAmlAmC4ahQ
30,MOVE_UP,1582.0,1tNJrcVe6gwLEiZCtprs1u
31,MOVE_DOWN,1568.0,56AMYGJzxBO6p8v0wEe9de
32,MOVE_UP,1483.0,6wo37KVqFJhtuxPTpLCcfe
33,MOVE_UP,1474.0,4vUmTMuQqjdnvlZmAH61Qk
34,MOVE_UP,1459.0,6kls8cSlUyHW2BUOkDJIZE
35,MOVE_DOWN,1455.0,07Oz5StQ7GRoygNLaXs2pd
36,SAME_POSITION,1434.0,5rwsJbBNa8SfPW4oFA1GjP
37,MOVE_UP,1416.0,1000nHvUdawXuUHgBod4Wv
38,MOVE_DOWN,1416.0,7CZyCXKG6d5ALeq41sLzbw
39,SAME_POSITION,1354.0,6V9fHiv84WlVTg7CSnIVY2
40,MOVE_UP,1341.0,6vBdBCoOhKHiYDDOcorfNo
41,MOVE_UP,1319.0,24Yi9hE78yPEbZ4kxyoXAI
42,MOVE_DOWN,1319.0,3cphb8kdsjElYR7r5icK3H
43,MOVE_UP,1311.0,1tjM9dP8GWkYl4orF7yLWD
44,MOVE_DOWN,1300.0,0hVXuCcriWRGvwMV1r5Yn9
45,MOVE_UP,1259.0,5DqdesEfbRyOlSS3Tf6c29
46,MOVE_UP,1241.0,2wrJq5XKLnmhRXHIAf9xBa
47,MOVE_DOWN,1217.0,1DFD5Fotzgn6yYXkYsKiGs
48,MOVE_DOWN,1211.0,26wLOs3ZuHJa2Ihhx6QIE6
49,MOVE_UP,1197.0,1VJwtWR6z7SpZRwipI12be
50,MOVE_UP,1192.0,7MSS9mAqAHHkUCa7HL0RbA
51,MOVE_DOWN,1176.0,7vJS1DPc3FzBtqBs8n3mW5
52,MOVE_UP,1157.0,0RiRZpuVRbi7oqRdSMwhQY
53,MOVE_DOWN,1144.0,6muOWhMh7Tf0UFUtMDBhUR
54,MOVE_UP,1122.0,20JtELGPfOAMq7FpUt8eSM
55,MOVE_UP,1085.0,0u2P5u6lvoDfwTYjAADbn4
56,SAME_POSITION,1051.0,4a6q8CR2hzLk2plDkSxkfD
57,MOVE_UP,1049.0,6cy3ki60hLwimwIje7tALf
58,MOVE_DOWN,1041.0,0Z26mbSHJ1dkUu7g9DDgif
59,MOVE_UP,1040.0,53ORJG1CfDX0xo8qyhup6Q
60,MOVE_UP,1040.0,2xLMifQCjDGFmkHkpNLD9h
61,SAME_POSITION,1037.0,0y675KDleCZEudjoeL1sQQ
62,MOVE_UP,1037.0,7mEgb8sSsqPlCsz8RqSZ2v
63,MOVE_UP,1033.0,2qxmye6gAegTMjLKEBoR3d
64,MOVE_UP,1033.0,285pBltuF7vW8TeWk8hdRR
65,MOVE_UP,1025.0,6gBFPUFcJLzWGx4lenP6h2
66,MOVE_DOWN,1013.0,5aUSEPNd3m5xliFK4pn5mU
67,MOVE_UP,1012.0,4sWuPniHClkInYAnzXAYUF
1,SAME_POSITION,4472.0,1rgnBhdG2JDFTbYkYRZAku
2,SAME_POSITION,3389.0,3eekarcy7kvN4yt5ZFzltW
3,SAME_POSITION,3233.0,21jGcNKet2qwijlDFuPiPb
4,SAME_POSITION,2916.0,1ZPWWSwCkxKfqdp4H0RFCo
5,SAME_POSITION,2591.0,7aiClxsDWFRQ0Kzk5KI5ku
6,MOVE_UP,2504.0,1HfMVBKM75vxSfsQ5VefZ5
7,SAME_POSITION,2430.0,2tnVG71enUj33Ic2nFN6kZ
8,MOVE_DOWN,2371.0,6WrI0LAC5M1Rw2MnX2ZvEg
9,MOVE_UP,2301.0,2b8fOow8UzyDFAE27YhOZM
10,MOVE_DOWN,2293.0,50ijEQSR94O6eJgf0GbWuP
11,MOVE_UP,2168.0,7qEHsqek33rTcFNT9PFqLf
12,MOVE_DOWN,2145.0,15epnOVXX9PRB7A6z3YtZV
13,MOVE_DOWN,2135.0,2QpGZOhTCHHiKmpSO9FW4h
14,MOVE_DOWN,2054.0,0c7K73roy6RW4ebDkf4yGh
15,MOVE_DOWN,2040.0,2Fxmhks0bxGSBdJ92vM42m
16,MOVE_UP,1970.0,6b2RcmUt1g9N9mQ3CbjX2Y
17,SAME_POSITION,1952.0,2plLJpUcYPFrl1sW2pMG63
18,MOVE_DOWN,1950.0,70eFcWOvlMObDhURTqT4Fv
19,SAME_POSITION,1879.0,6v3KW9xbzN5yKLt9YKDYA2
20,MOVE_UP,1794.0,51Fjme0JiitpyXKuyQiCDo
21,MOVE_DOWN,1790.0,1lOe9qE0vR9zwWQAOk6CoO
22,MOVE_DOWN,1710.0,4sjiIpEv617LDXaidKioOI
23,SAME_POSITION,1666.0,1iQDltZqI7BXnHrFy4Qo1k
24,SAME_POSITION,1630.0,6Gg1gjgKi2AK4e0qzsR7sd
25,MOVE_DOWN,1617.0,4yI3HpbSFSgFZtJP2kDe5m
26,MOVE_UP,1549.0,7CHi4DtfK4heMlQaudCuHK
27,MOVE_UP,1460.0,7LzouaWGFCy4tkXDOOnEyM
28,MOVE_UP,1407.0,6kls8cSlUyHW2BUOkDJIZE
29,MOVE_UP,1402.0,6wo37KVqFJhtuxPTpLCcfe
30,SAME_POSITION,1400.0,1tNJrcVe6gwLEiZCtprs1u
31,MOVE_DOWN,1361.0,0q3QoeqUKLIiHz7d43nvGb
32,MOVE_UP,1332.0,5rwsJbBNa8SfPW4oFA1GjP
33,MOVE_DOWN,1328.0,7iHHxY2NLlJRAmlAmC4ahQ
34,MOVE_UP,1322.0,7CZyCXKG6d5ALeq41sLzbw
35,MOVE_UP,1320.0,1000nHvUdawXuUHgBod4Wv
36,MOVE_DOWN,1311.0,56AMYGJzxBO6p8v0wEe9de
37,MOVE_UP,1309.0,6vBdBCoOhKHiYDDOcorfNo
38,MOVE_DOWN,1307.0,07Oz5StQ7GRoygNLaXs2pd
39,MOVE_UP,1294.0,1tjM9dP8GWkYl4orF7yLWD
40,MOVE_DOWN,1259.0,4vUmTMuQqjdnvlZmAH61Qk
41,MOVE_UP,1254.0,1VJwtWR6z7SpZRwipI12be
42,SAME_POSITION,1244.0,3cphb8kdsjElYR7r5icK3H
43,MOVE_UP,1230.0,5DqdesEfbRyOlSS3Tf6c29
44,MOVE_DOWN,1221.0,6V9fHiv84WlVTg7CSnIVY2
45,MOVE_DOWN,1221.0,0hVXuCcriWRGvwMV1r5Yn9
46,MOVE_DOWN,1160.0,24Yi9hE78yPEbZ4kxyoXAI
47,MOVE_UP,1157.0,20JtELGPfOAMq7FpUt8eSM
48,MOVE_DOWN,1146.0,1DFD5Fotzgn6yYXkYsKiGs
49,MOVE_UP,1133.0,7MSS9mAqAHHkUCa7HL0RbA
50,MOVE_DOWN,1115.0,26wLOs3ZuHJa2Ihhx6QIE6
51,MOVE_DOWN,1103.0,2wrJq5XKLnmhRXHIAf9xBa
52,SAME_POSITION,1053.0,0RiRZpuVRbi7oqRdSMwhQY
53,MOVE_UP,1033.0,0u2P5u6lvoDfwTYjAADbn4
54,NEW_ENTRY,1029.0,4etKC4ngPKsQDHUMnYgV3A
55,MOVE_UP,1025.0,2qxmye6gAegTMjLKEBoR3d
56,MOVE_DOWN,1014.0,7vJS1DPc3FzBtqBs8n3mW5
1,SAME_POSITION,4739.0,1rgnBhdG2JDFTbYkYRZAku
2,SAME_POSITION,3919.0,3eekarcy7kvN4yt5ZFzltW
3,SAME_POSITION,3781.0,21jGcNKet2qwijlDFuPiPb
4,SAME_POSITION,3206.0,1ZPWWSwCkxKfqdp4H0RFCo
5,MOVE_UP,2967.0,6WrI0LAC5M1Rw2MnX2ZvEg
6,SAME_POSITION,2940.0,1HfMVBKM75vxSfsQ5VefZ5
7,MOVE_DOWN,2837.0,7aiClxsDWFRQ0Kzk5KI5ku
8,MOVE_DOWN,2822.0,2tnVG71enUj33Ic2nFN6kZ
9,SAME_POSITION,2778.0,2b8fOow8UzyDFAE27YhOZM
10,SAME_POSITION,2689.0,50ijEQSR94O6eJgf0GbWuP
11,MOVE_UP,2492.0,15epnOVXX9PRB7A6z3YtZV
12,MOVE_UP,2422.0,2QpGZOhTCHHiKmpSO9FW4h
13,MOVE_DOWN,2342.0,7qEHsqek33rTcFNT9PFqLf
14,MOVE_UP,2338.0,2plLJpUcYPFrl1sW2pMG63
15,MOVE_DOWN,2333.0,0c7K73roy6RW4ebDkf4yGh
16,MOVE_UP,2314.0,70eFcWOvlMObDhURTqT4Fv
17,MOVE_DOWN,2236.0,2Fxmhks0bxGSBdJ92vM42m
18,MOVE_DOWN,2200.0,6b2RcmUt1g9N9mQ3CbjX2Y
19,MOVE_UP,1957.0,1iQDltZqI7BXnHrFy4Qo1k
20,MOVE_DOWN,1939.0,6v3KW9xbzN5yKLt9YKDYA2
21,MOVE_UP,1855.0,4yI3HpbSFSgFZtJP2kDe5m
22,MOVE_UP,1780.0,7CHi4DtfK4heMlQaudCuHK
23,MOVE_UP,1780.0,6Gg1gjgKi2AK4e0qzsR7sd
24,MOVE_UP,1734.0,7LzouaWGFCy4tkXDOOnEyM
25,MOVE_DOWN,1677.0,1lOe9qE0vR9zwWQAOk6CoO
26,MOVE_DOWN,1657.0,4sjiIpEv617LDXaidKioOI
27,MOVE_DOWN,1637.0,51Fjme0JiitpyXKuyQiCDo
28,MOVE_UP,1588.0,63VyEdzMM3w4ZQ1WtARa2S
29,MOVE_UP,1585.0,1tNJrcVe6gwLEiZCtprs1u
30,MOVE_UP,1581.0,7iHHxY2NLlJRAmlAmC4ahQ
31,MOVE_UP,1559.0,7CZyCXKG6d5ALeq41sLzbw
32,MOVE_UP,1546.0,56AMYGJzxBO6p8v0wEe9de
33,MOVE_UP,1524.0,3cphb8kdsjElYR7r5icK3H
34,MOVE_UP,1485.0,4vUmTMuQqjdnvlZmAH61Qk
35,MOVE_DOWN,1455.0,0q3QoeqUKLIiHz7d43nvGb
36,MOVE_DOWN,1441.0,6kls8cSlUyHW2BUOkDJIZE
37,MOVE_UP,1440.0,6V9fHiv84WlVTg7CSnIVY2
38,MOVE_UP,1439.0,1tjM9dP8GWkYl4orF7yLWD
39,MOVE_DOWN,1439.0,5rwsJbBNa8SfPW4oFA1GjP
40,MOVE_DOWN,1411.0,07Oz5StQ7GRoygNLaXs2pd
41,SAME_POSITION,1408.0,1VJwtWR6z7SpZRwipI12be
42,MOVE_UP,1372.0,0hVXuCcriWRGvwMV1r5Yn9
43,MOVE_DOWN,1347.0,6vBdBCoOhKHiYDDOcorfNo
44,MOVE_UP,1321.0,24Yi9hE78yPEbZ4kxyoXAI
45,MOVE_UP,1295.0,26wLOs3ZuHJa2Ihhx6QIE6
46,MOVE_UP,1286.0,20JtELGPfOAMq7FpUt8eSM
47,MOVE_UP,1234.0,4etKC4ngPKsQDHUMnYgV3A
48,MOVE_UP,1232.0,2wrJq5XKLnmhRXHIAf9xBa
49,MOVE_DOWN,1231.0,5DqdesEfbRyOlSS3Tf6c29
50,MOVE_DOWN,1196.0,1DFD5Fotzgn6yYXkYsKiGs
51,MOVE_DOWN,1164.0,1000nHvUdawXuUHgBod4Wv
52,MOVE_DOWN,1164.0,7MSS9mAqAHHkUCa7HL0RbA
53,NEW_ENTRY,1139.0,6muOWhMh7Tf0UFUtMDBhUR
54,MOVE_DOWN,1130.0,0u2P5u6lvoDfwTYjAADbn4
55,NEW_ENTRY,1117.0,0mjAU3yKR1QnXnHtjGJqTM
56,MOVE_DOWN,1114.0,0RiRZpuVRbi7oqRdSMwhQY
57,NEW_ENTRY,1104.0,6cy3ki60hLwimwIje7tALf
58,NEW_ENTRY,1095.0,4Of7rzpRpV1mWRbhp5rAqG
59,MOVE_DOWN,1072.0,7vJS1DPc3FzBtqBs8n3mW5
60,NEW_ENTRY,1064.0,43zdsphuZLzwA9k4DJhU0I
61,NEW_ENTRY,1041.0,4a6q8CR2hzLk2plDkSxkfD
62,NEW_ENTRY,1027.0,35poFvLMiXHPZsItZ0HiHZ
63,MOVE_DOWN,1026.0,2qxmye6gAegTMjLKEBoR3d
64,NEW_ENTRY,1022.0,0y675KDleCZEudjoeL1sQQ
65,NEW_ENTRY,1018.0,2xLMifQCjDGFmkHkpNLD9h
66,NEW_ENTRY,1016.0,0Z26mbSHJ1dkUu7g9DDgif
67,NEW_ENTRY,1012.0,5aUSEPNd3m5xliFK4pn5mU
1,SAME_POSITION,4708.0,1rgnBhdG2JDFTbYkYRZAku
2,SAME_POSITION,3947.0,3eekarcy7kvN4yt5ZFzltW
3,SAME_POSITION,3728.0,21jGcNKet2qwijlDFuPiPb
4,SAME_POSITION,3316.0,1ZPWWSwCkxKfqdp4H0RFCo
5,SAME_POSITION,2934.0,6WrI0LAC5M1Rw2MnX2ZvEg
6,MOVE_UP,2930.0,7aiClxsDWFRQ0Kzk5KI5ku
7,MOVE_DOWN,2827.0,1HfMVBKM75vxSfsQ5VefZ5
8,SAME_POSITION,2783.0,2tnVG71enUj33Ic2nFN6kZ
9,SAME_POSITION,2725.0,2b8fOow8UzyDFAE27YhOZM
10,SAME_POSITION,2527.0,50ijEQSR94O6eJgf0GbWuP
11,MOVE_UP,2469.0,0c7K73roy6RW4ebDkf4yGh
12,MOVE_UP,2465.0,7qEHsqek33rTcFNT9PFqLf
13,MOVE_DOWN,2443.0,2QpGZOhTCHHiKmpSO9FW4h
14,MOVE_UP,2272.0,2Fxmhks0bxGSBdJ92vM42m
15,MOVE_DOWN,2263.0,2plLJpUcYPFrl1sW2pMG63
16,SAME_POSITION,2263.0,70eFcWOvlMObDhURTqT4Fv
17,MOVE_DOWN,2262.0,15epnOVXX9PRB7A6z3YtZV
18,SAME_POSITION,2174.0,6b2RcmUt1g9N9mQ3CbjX2Y
19,SAME_POSITION,2050.0,1iQDltZqI7BXnHrFy4Qo1k
20,MOVE_UP,1909.0,4yI3HpbSFSgFZtJP2kDe5m
21,MOVE_DOWN,1886.0,6v3KW9xbzN5yKLt9YKDYA2
22,SAME_POSITION,1793.0,7CHi4DtfK4heMlQaudCuHK
23,MOVE_UP,1745.0,1lOe9qE0vR9zwWQAOk6CoO
24,MOVE_DOWN,1735.0,6Gg1gjgKi2AK4e0qzsR7sd
25,MOVE_UP,1728.0,4sjiIpEv617LDXaidKioOI
26,MOVE_DOWN,1711.0,7LzouaWGFCy4tkXDOOnEyM
27,MOVE_UP,1623.0,7iHHxY2NLlJRAmlAmC4ahQ
28,MOVE_DOWN,1607.0,51Fjme0JiitpyXKuyQiCDo
29,SAME_POSITION,1574.0,1tNJrcVe6gwLEiZCtprs1u
30,MOVE_UP,1552.0,4vUmTMuQqjdnvlZmAH61Qk
31,MOVE_UP,1546.0,56AMYGJzxBO6p8v0wEe9de
32,MOVE_UP,1529.0,6kls8cSlUyHW2BUOkDJIZE
33,MOVE_DOWN,1521.0,7CZyCXKG6d5ALeq41sLzbw
34,MOVE_UP,1512.0,1tjM9dP8GWkYl4orF7yLWD
35,MOVE_UP,1501.0,07Oz5StQ7GRoygNLaXs2pd
36,MOVE_UP,1483.0,4etKC4ngPKsQDHUMnYgV3A
37,SAME_POSITION,1480.0,6V9fHiv84WlVTg7CSnIVY2
38,MOVE_UP,1466.0,5rwsJbBNa8SfPW4oFA1GjP
39,MOVE_DOWN,1458.0,3cphb8kdsjElYR7r5icK3H
40,MOVE_DOWN,1407.0,0q3QoeqUKLIiHz7d43nvGb
41,SAME_POSITION,1399.0,1VJwtWR6z7SpZRwipI12be
42,SAME_POSITION,1396.0,0hVXuCcriWRGvwMV1r5Yn9
43,MOVE_DOWN,1378.0,63VyEdzMM3w4ZQ1WtARa2S
44,MOVE_UP,1339.0,20JtELGPfOAMq7FpUt8eSM
45,MOVE_UP,1333.0,5DqdesEfbRyOlSS3Tf6c29
46,MOVE_DOWN,1318.0,26wLOs3ZuHJa2Ihhx6QIE6
47,MOVE_DOWN,1299.0,6vBdBCoOhKHiYDDOcorfNo
48,SAME_POSITION,1268.0,2wrJq5XKLnmhRXHIAf9xBa
49,MOVE_DOWN,1251.0,24Yi9hE78yPEbZ4kxyoXAI
50,SAME_POSITION,1212.0,1DFD5Fotzgn6yYXkYsKiGs
51,MOVE_UP,1207.0,7MSS9mAqAHHkUCa7HL0RbA
52,MOVE_UP,1180.0,0RiRZpuVRbi7oqRdSMwhQY
53,MOVE_UP,1149.0,4Of7rzpRpV1mWRbhp5rAqG
54,SAME_POSITION,1139.0,0u2P5u6lvoDfwTYjAADbn4
55,SAME_POSITION,1138.0,0mjAU3yKR1QnXnHtjGJqTM
56,MOVE_DOWN,1138.0,1000nHvUdawXuUHgBod4Wv
57,SAME_POSITION,1129.0,6cy3ki60hLwimwIje7tALf
58,MOVE_UP,1105.0,0Z26mbSHJ1dkUu7g9DDgif
59,SAME_POSITION,1097.0,7vJS1DPc3FzBtqBs8n3mW5
60,MOVE_DOWN,1092.0,6muOWhMh7Tf0UFUtMDBhUR
61,MOVE_DOWN,1090.0,43zdsphuZLzwA9k4DJhU0I
62,NEW_ENTRY,1072.0,322tcqPhma7F6hfCeLisx0
63,MOVE_UP,1060.0,5aUSEPNd3m5xliFK4pn5mU
64,MOVE_UP,1041.0,2xLMifQCjDGFmkHkpNLD9h
65,MOVE_DOWN,1040.0,4a6q8CR2hzLk2plDkSxkfD
66,MOVE_DOWN,1028.0,0y675KDleCZEudjoeL1sQQ
67,MOVE_DOWN,1018.0,35poFvLMiXHPZsItZ0HiHZ
68,NEW_ENTRY,1017.0,6gBFPUFcJLzWGx4lenP6h2
69,NEW_ENTRY,1017.0,6oJ6le65B3SEqPwMRNXWjY
1,SAME_POSITION,4711.0,1rgnBhdG2JDFTbYkYRZAku
2,SAME_POSITION,3909.0,3eekarcy7kvN4yt5ZFzltW
3,SAME_POSITION,3743.0,21jGcNKet2qwijlDFuPiPb
4,SAME_POSITION,3442.0,1ZPWWSwCkxKfqdp4H0RFCo
5,MOVE_UP,2838.0,7aiClxsDWFRQ0Kzk5KI5ku
6,MOVE_UP,2813.0,2b8fOow8UzyDFAE27YhOZM
7,SAME_POSITION,2797.0,1HfMVBKM75vxSfsQ5VefZ5
8,MOVE_DOWN,2776.0,6WrI0LAC5M1Rw2MnX2ZvEg
9,MOVE_DOWN,2772.0,2tnVG71enUj33Ic2nFN6kZ
10,MOVE_UP,2439.0,7qEHsqek33rTcFNT9PFqLf
11,MOVE_DOWN,2277.0,50ijEQSR94O6eJgf0GbWuP
12,MOVE_DOWN,2251.0,0c7K73roy6RW4ebDkf4yGh
13,MOVE_UP,2247.0,2Fxmhks0bxGSBdJ92vM42m
14,MOVE_UP,2222.0,70eFcWOvlMObDhURTqT4Fv
15,SAME_POSITION,2200.0,2plLJpUcYPFrl1sW2pMG63
16,MOVE_DOWN,2184.0,2QpGZOhTCHHiKmpSO9FW4h
17,MOVE_UP,2085.0,6b2RcmUt1g9N9mQ3CbjX2Y
18,MOVE_DOWN,2058.0,15epnOVXX9PRB7A6z3YtZV
19,MOVE_UP,2034.0,6v3KW9xbzN5yKLt9YKDYA2
20,MOVE_DOWN,1948.0,1iQDltZqI7BXnHrFy4Qo1k
21,MOVE_DOWN,1801.0,4yI3HpbSFSgFZtJP2kDe5m
22,MOVE_UP,1794.0,4sjiIpEv617LDXaidKioOI
23,MOVE_UP,1787.0,6Gg1gjgKi2AK4e0qzsR7sd
24,MOVE_DOWN,1703.0,7CHi4DtfK4heMlQaudCuHK
25,MOVE_UP,1687.0,7LzouaWGFCy4tkXDOOnEyM
26,MOVE_UP,1647.0,63VyEdzMM3w4ZQ1WtARa2S
27,MOVE_DOWN,1645.0,1lOe9qE0vR9zwWQAOk6CoO
28,SAME_POSITION,1632.0,51Fjme0JiitpyXKuyQiCDo
29,MOVE_UP,1528.0,4vUmTMuQqjdnvlZmAH61Qk
30,MOVE_UP,1520.0,56AMYGJzxBO6p8v0wEe9de
31,MOVE_DOWN,1518.0,1tNJrcVe6gwLEiZCtprs1u
32,SAME_POSITION,1511.0,6kls8cSlUyHW2BUOkDJIZE
33,SAME_POSITION,1510.0,7CZyCXKG6d5ALeq41sLzbw
34,MOVE_UP,1507.0,1VJwtWR6z7SpZRwipI12be
35,MOVE_DOWN,1485.0,7iHHxY2NLlJRAmlAmC4ahQ
36,MOVE_DOWN,1484.0,07Oz5StQ7GRoygNLaXs2pd
37,MOVE_UP,1464.0,0q3QoeqUKLIiHz7d43nvGb
38,MOVE_UP,1435.0,0hVXuCcriWRGvwMV1r5Yn9
39,MOVE_DOWN,1427.0,1tjM9dP8GWkYl4orF7yLWD
40,MOVE_DOWN,1415.0,6V9fHiv84WlVTg7CSnIVY2
41,MOVE_UP,1405.0,20JtELGPfOAMq7FpUt8eSM
42,MOVE_DOWN,1396.0,3cphb8kdsjElYR7r5icK3H
43,MOVE_DOWN,1393.0,4etKC4ngPKsQDHUMnYgV3A
44,MOVE_DOWN,1391.0,5rwsJbBNa8SfPW4oFA1GjP
45,MOVE_UP,1360.0,6vBdBCoOhKHiYDDOcorfNo
46,MOVE_DOWN,1347.0,5DqdesEfbRyOlSS3Tf6c29
47,MOVE_DOWN,1324.0,26wLOs3ZuHJa2Ihhx6QIE6
48,SAME_POSITION,1301.0,2wrJq5XKLnmhRXHIAf9xBa
49,MOVE_UP,1265.0,1DFD5Fotzgn6yYXkYsKiGs
50,MOVE_DOWN,1213.0,24Yi9hE78yPEbZ4kxyoXAI
51,MOVE_UP,1190.0,6cy3ki60hLwimwIje7tALf
52,MOVE_UP,1157.0,0mjAU3yKR1QnXnHtjGJqTM
53,MOVE_UP,1150.0,1000nHvUdawXuUHgBod4Wv
54,MOVE_DOWN,1142.0,4Of7rzpRpV1mWRbhp5rAqG
55,MOVE_DOWN,1133.0,7MSS9mAqAHHkUCa7HL0RbA
56,MOVE_DOWN,1130.0,0u2P5u6lvoDfwTYjAADbn4
57,MOVE_DOWN,1127.0,0RiRZpuVRbi7oqRdSMwhQY
58,MOVE_UP,1121.0,6muOWhMh7Tf0UFUtMDBhUR
59,MOVE_UP,1110.0,43zdsphuZLzwA9k4DJhU0I
60,MOVE_UP,1103.0,322tcqPhma7F6hfCeLisx0
61,NEW_ENTRY,1096.0,2qxmye6gAegTMjLKEBoR3d
62,MOVE_UP,1055.0,5aUSEPNd3m5xliFK4pn5mU
63,MOVE_DOWN,1046.0,7vJS1DPc3FzBtqBs8n3mW5
64,NEW_ENTRY,1040.0,7ycWLEP1GsNjVvcjawXz3z
65,SAME_POSITION,1039.0,4a6q8CR2hzLk2plDkSxkfD
66,MOVE_UP,1030.0,35poFvLMiXHPZsItZ0HiHZ
67,MOVE_DOWN,1028.0,0Z26mbSHJ1dkUu7g9DDgif
68,MOVE_DOWN,1022.0,2xLMifQCjDGFmkHkpNLD9h
69,MOVE_DOWN,1011.0,0y675KDleCZEudjoeL1sQQ
70,NEW_ENTRY,1004.0,4TnjEaWOeW0eKTKIEvJyCa
1,NEW_ENTRY,5559.0,3ZCTVFBt2Brf31RLEnCkWJ
2,MOVE_DOWN,4761.0,1rgnBhdG2JDFTbYkYRZAku
3,MOVE_DOWN,3973.0,3eekarcy7kvN4yt5ZFzltW
4,MOVE_DOWN,3608.0,21jGcNKet2qwijlDFuPiPb
5,MOVE_DOWN,3452.0,1ZPWWSwCkxKfqdp4H0RFCo
6,MOVE_UP,2854.0,2tnVG71enUj33Ic2nFN6kZ
7,MOVE_DOWN,2827.0,7aiClxsDWFRQ0Kzk5KI5ku
8,MOVE_DOWN,2800.0,1HfMVBKM75vxSfsQ5VefZ5
9,MOVE_DOWN,2769.0,2b8fOow8UzyDFAE27YhOZM
10,MOVE_DOWN,2768.0,6WrI0LAC5M1Rw2MnX2ZvEg
11,MOVE_UP,2487.0,2Fxmhks0bxGSBdJ92vM42m
12,SAME_POSITION,2422.0,0c7K73roy6RW4ebDkf4yGh
13,MOVE_DOWN,2380.0,7qEHsqek33rTcFNT9PFqLf
14,MOVE_UP,2338.0,2plLJpUcYPFrl1sW2pMG63
15,MOVE_DOWN,2321.0,50ijEQSR94O6eJgf0GbWuP
16,MOVE_DOWN,2221.0,70eFcWOvlMObDhURTqT4Fv
17,MOVE_DOWN,2186.0,2QpGZOhTCHHiKmpSO9FW4h
18,MOVE_DOWN,2127.0,6b2RcmUt1g9N9mQ3CbjX2Y
19,SAME_POSITION,1991.0,6v3KW9xbzN5yKLt9YKDYA2
20,MOVE_DOWN,1987.0,15epnOVXX9PRB7A6z3YtZV
21,MOVE_UP,1848.0,4sjiIpEv617LDXaidKioOI
22,MOVE_DOWN,1846.0,1iQDltZqI7BXnHrFy4Qo1k
23,MOVE_UP,1837.0,1lOe9qE0vR9zwWQAOk6CoO
24,SAME_POSITION,1833.0,7CHi4DtfK4heMlQaudCuHK
25,MOVE_DOWN,1752.0,4yI3HpbSFSgFZtJP2kDe5m
26,MOVE_DOWN,1737.0,6Gg1gjgKi2AK4e0qzsR7sd
27,MOVE_DOWN,1692.0,7LzouaWGFCy4tkXDOOnEyM
28,SAME_POSITION,1652.0,51Fjme0JiitpyXKuyQiCDo
29,MOVE_UP,1591.0,4etKC4ngPKsQDHUMnYgV3A
30,MOVE_UP,1583.0,07Oz5StQ7GRoygNLaXs2pd
31,MOVE_DOWN,1582.0,56AMYGJzxBO6p8v0wEe9de
32,MOVE_DOWN,1571.0,63VyEdzMM3w4ZQ1WtARa2S
33,MOVE_UP,1557.0,1VJwtWR6z7SpZRwipI12be
34,MOVE_UP,1522.0,0q3QoeqUKLIiHz7d43nvGb
35,MOVE_UP,1517.0,3cphb8kdsjElYR7r5icK3H
36,MOVE_DOWN,1515.0,7iHHxY2NLlJRAmlAmC4ahQ
37,MOVE_DOWN,1514.0,7CZyCXKG6d5ALeq41sLzbw
38,MOVE_DOWN,1492.0,4vUmTMuQqjdnvlZmAH61Qk
39,MOVE_DOWN,1456.0,1tNJrcVe6gwLEiZCtprs1u
40,MOVE_UP,1429.0,5rwsJbBNa8SfPW4oFA1GjP
41,MOVE_DOWN,1421.0,0hVXuCcriWRGvwMV1r5Yn9
42,MOVE_DOWN,1414.0,20JtELGPfOAMq7FpUt8eSM
43,MOVE_DOWN,1409.0,6kls8cSlUyHW2BUOkDJIZE
44,MOVE_UP,1401.0,1DFD5Fotzgn6yYXkYsKiGs
45,NEW_ENTRY,1382.0,3bY8hZbtWQpCOGHi1IZvz5
46,MOVE_DOWN,1364.0,1tjM9dP8GWkYl4orF7yLWD
47,MOVE_UP,1352.0,24Yi9hE78yPEbZ4kxyoXAI
48,MOVE_DOWN,1327.0,6V9fHiv84WlVTg7CSnIVY2
49,MOVE_DOWN,1326.0,6vBdBCoOhKHiYDDOcorfNo
50,MOVE_DOWN,1325.0,5DqdesEfbRyOlSS3Tf6c29
51,MOVE_UP,1269.0,43zdsphuZLzwA9k4DJhU0I
52,MOVE_DOWN,1263.0,2wrJq5XKLnmhRXHIAf9xBa
53,MOVE_DOWN,1262.0,26wLOs3ZuHJa2Ihhx6QIE6
54,MOVE_UP,1251.0,0u2P5u6lvoDfwTYjAADbn4
55,MOVE_UP,1236.0,0RiRZpuVRbi7oqRdSMwhQY
56,MOVE_UP,1219.0,4wopYJ5wpYOM6ogm2Jugnw
57,MOVE_DOWN,1212.0,7MSS9mAqAHHkUCa7HL0RbA
58,MOVE_DOWN,1197.0,4Of7rzpRpV1mWRbhp5rAqG
59,MOVE_DOWN,1191.0,6cy3ki60hLwimwIje7tALf
60,MOVE_DOWN,1157.0,0mjAU3yKR1QnXnHtjGJqTM
61,MOVE_UP,1131.0,0Z26mbSHJ1dkUu7g9DDgif
62,MOVE_UP,1119.0,1cL3ucXzG2hj3XOUPIWdvZ
63,MOVE_DOWN,1117.0,6muOWhMh7Tf0UFUtMDBhUR
64,MOVE_UP,1102.0,2xLMifQCjDGFmkHkpNLD9h
65,MOVE_UP,1099.0,4TnjEaWOeW0eKTKIEvJyCa
66,SAME_POSITION,1056.0,35poFvLMiXHPZsItZ0HiHZ
67,MOVE_DOWN,1055.0,1000nHvUdawXuUHgBod4Wv
68,NEW_ENTRY,1054.0,4sWuPniHClkInYAnzXAYUF
69,MOVE_DOWN,1046.0,2qxmye6gAegTMjLKEBoR3d
70,MOVE_DOWN,1040.0,7ycWLEP1GsNjVvcjawXz3z
71,NEW_ENTRY,1030.0,285pBltuF7vW8TeWk8hdRR
72,NEW_ENTRY,1026.0,2gUJfXmgVvnzGFk7J6dZch
73,NEW_ENTRY,1024.0,6oJ6le65B3SEqPwMRNXWjY
74,MOVE_DOWN,1016.0,5aUSEPNd3m5xliFK4pn5mU
75,NEW_ENTRY,1004.0,4jvjzW7Hm0yK4LvvE0Paz9
1,SAME_POSITION,8968.0,3ZCTVFBt2Brf31RLEnCkWJ
2,SAME_POSITION,5220.0,1rgnBhdG2JDFTbYkYRZAku
3,SAME_POSITION,4057.0,3eekarcy7kvN4yt5ZFzltW
4,MOVE_UP,4003.0,696DnlkuDOXcMAnKlTgXXK
5,MOVE_DOWN,3884.0,21jGcNKet2qwijlDFuPiPb
6,SAME_POSITION,3120.0,2tnVG71enUj33Ic2nFN6kZ
7,SAME_POSITION,3051.0,7aiClxsDWFRQ0Kzk5KI5ku
8,MOVE_UP,3006.0,2b8fOow8UzyDFAE27YhOZM
9,MOVE_UP,2997.0,6WrI0LAC5M1Rw2MnX2ZvEg
10,MOVE_DOWN,2845.0,1HfMVBKM75vxSfsQ5VefZ5
11,SAME_POSITION,2641.0,2Fxmhks0bxGSBdJ92vM42m
12,MOVE_UP,2516.0,7qEHsqek33rTcFNT9PFqLf
13,MOVE_DOWN,2488.0,0c7K73roy6RW4ebDkf4yGh
14,MOVE_UP,2396.0,70eFcWOvlMObDhURTqT4Fv
15,MOVE_DOWN,2377.0,2plLJpUcYPFrl1sW2pMG63
16,MOVE_UP,2302.0,2QpGZOhTCHHiKmpSO9FW4h
17,MOVE_DOWN,2301.0,50ijEQSR94O6eJgf0GbWuP
18,SAME_POSITION,2224.0,6b2RcmUt1g9N9mQ3CbjX2Y
19,SAME_POSITION,2123.0,6v3KW9xbzN5yKLt9YKDYA2
20,MOVE_UP,2009.0,1iQDltZqI7BXnHrFy4Qo1k
21,MOVE_DOWN,1991.0,15epnOVXX9PRB7A6z3YtZV
22,MOVE_UP,1972.0,7CHi4DtfK4heMlQaudCuHK
23,MOVE_UP,1888.0,4yI3HpbSFSgFZtJP2kDe5m
24,MOVE_DOWN,1856.0,4sjiIpEv617LDXaidKioOI
25,MOVE_DOWN,1833.0,1lOe9qE0vR9zwWQAOk6CoO
26,SAME_POSITION,1823.0,6Gg1gjgKi2AK4e0qzsR7sd
27,MOVE_UP,1809.0,0q3QoeqUKLIiHz7d43nvGb
28,SAME_POSITION,1784.0,51Fjme0JiitpyXKuyQiCDo
29,MOVE_UP,1760.0,3bY8hZbtWQpCOGHi1IZvz5
30,MOVE_UP,1733.0,1VJwtWR6z7SpZRwipI12be
31,MOVE_DOWN,1729.0,07Oz5StQ7GRoygNLaXs2pd
32,MOVE_UP,1698.0,5rwsJbBNa8SfPW4oFA1GjP
33,MOVE_DOWN,1698.0,7LzouaWGFCy4tkXDOOnEyM
34,MOVE_UP,1594.0,1tNJrcVe6gwLEiZCtprs1u
35,MOVE_DOWN,1582.0,63VyEdzMM3w4ZQ1WtARa2S
36,MOVE_DOWN,1580.0,56AMYGJzxBO6p8v0wEe9de
37,NEW_ENTRY,1575.0,3i9UVldZOE0aD0JnyfAZZ0
38,NEW_ENTRY,1551.0,7jzldCBnJjpJM3epzJ85KE
39,MOVE_UP,1545.0,24Yi9hE78yPEbZ4kxyoXAI
40,MOVE_DOWN,1543.0,3cphb8kdsjElYR7r5icK3H
41,SAME_POSITION,1532.0,0hVXuCcriWRGvwMV1r5Yn9
42,NEW_ENTRY,1528.0,3GRSqlALWISqLeNncZMbpX
43,MOVE_DOWN,1519.0,4vUmTMuQqjdnvlZmAH61Qk
44,MOVE_DOWN,1503.0,7iHHxY2NLlJRAmlAmC4ahQ
45,MOVE_UP,1494.0,1tjM9dP8GWkYl4orF7yLWD
46,MOVE_DOWN,1472.0,2W4yABdLc4Jnds67Poi5Nl
47,MOVE_DOWN,1451.0,6kls8cSlUyHW2BUOkDJIZE
48,SAME_POSITION,1442.0,6V9fHiv84WlVTg7CSnIVY2
49,MOVE_DOWN,1426.0,7CZyCXKG6d5ALeq41sLzbw
50,MOVE_UP,1381.0,0u2P5u6lvoDfwTYjAADbn4
51,MOVE_UP,1358.0,26wLOs3ZuHJa2Ihhx6QIE6
52,NEW_ENTRY,1353.0,4Yt4jOTZExnjcrMrN0rGi0
53,MOVE_DOWN,1350.0,4etKC4ngPKsQDHUMnYgV3A
54,MOVE_UP,1348.0,6cy3ki60hLwimwIje7tALf
55,MOVE_DOWN,1348.0,1DFD5Fotzgn6yYXkYsKiGs
56,MOVE_UP,1312.0,7MSS9mAqAHHkUCa7HL0RbA
57,MOVE_DOWN,1303.0,6vBdBCoOhKHiYDDOcorfNo
58,MOVE_DOWN,1285.0,0RiRZpuVRbi7oqRdSMwhQY
59,MOVE_DOWN,1276.0,5DqdesEfbRyOlSS3Tf6c29
60,MOVE_DOWN,1270.0,43zdsphuZLzwA9k4DJhU0I
61,MOVE_UP,1225.0,6muOWhMh7Tf0UFUtMDBhUR
62,MOVE_DOWN,1215.0,0mjAU3yKR1QnXnHtjGJqTM
63,MOVE_UP,1215.0,4TnjEaWOeW0eKTKIEvJyCa
64,MOVE_DOWN,1215.0,2wrJq5XKLnmhRXHIAf9xBa
65,MOVE_UP,1190.0,35poFvLMiXHPZsItZ0HiHZ
66,MOVE_UP,1185.0,1000nHvUdawXuUHgBod4Wv
67,NEW_ENTRY,1150.0,7mEgb8sSsqPlCsz8RqSZ2v
68,MOVE_DOWN,1139.0,4Of7rzpRpV1mWRbhp5rAqG
69,NEW_ENTRY,1131.0,1Z8gpnzgTFQKAwmV43iLBB
70,NEW_ENTRY,1125.0,0lLaHrwW4am60pB79U0P8I
71,MOVE_UP,1122.0,2gUJfXmgVvnzGFk7J6dZch
72,MOVE_DOWN,1118.0,2xLMifQCjDGFmkHkpNLD9h
73,NEW_ENTRY,1115.0,1jg9clsGCDqOumfS0X5xm9
74,NEW_ENTRY,1113.0,7DETuWY9GjRnHeEGGVT8Ee
75,NEW_ENTRY,1101.0,6Dh32tS5znKbryJdHXSRrC
76,MOVE_DOWN,1101.0,4wopYJ5wpYOM6ogm2Jugnw
77,MOVE_DOWN,1098.0,2qxmye6gAegTMjLKEBoR3d
78,NEW_ENTRY,1090.0,53ORJG1CfDX0xo8qyhup6Q
79,MOVE_DOWN,1090.0,7ycWLEP1GsNjVvcjawXz3z
80,NEW_ENTRY,1084.0,0e7ipj03S05BNilyu5bRzt
81,MOVE_DOWN,1074.0,4sWuPniHClkInYAnzXAYUF
82,NEW_ENTRY,1074.0,6IJTc8xo6XasOU8fpxMU57
83,MOVE_DOWN,1070.0,0Z26mbSHJ1dkUu7g9DDgif
84,MOVE_DOWN,1045.0,285pBltuF7vW8TeWk8hdRR
85,MOVE_DOWN,1034.0,6oJ6le65B3SEqPwMRNXWjY
86,MOVE_DOWN,1032.0,5aUSEPNd3m5xliFK4pn5mU
87,NEW_ENTRY,1025.0,792c14LiectozZczjylkfW
88,NEW_ENTRY,1020.0,5ry2OE6R2zPQFDO85XkgRb
89,NEW_ENTRY,1017.0,5ptc5E2aIJJjlFbFAPTMfy
90,NEW_ENTRY,1012.0,3s4mrPrEFFPF0LmAfutW0n
91,NEW_ENTRY,1012.0,5kz9d0Cxx7RK8PjRLlWnAt
92,NEW_ENTRY,1002.0,62VZXeC3AwCXjdzggLl3CP
1,SAME_POSITION,7273.0,3ZCTVFBt2Brf31RLEnCkWJ
2,SAME_POSITION,4636.0,1rgnBhdG2JDFTbYkYRZAku
3,MOVE_UP,3838.0,696DnlkuDOXcMAnKlTgXXK
4,MOVE_DOWN,3600.0,3eekarcy7kvN4yt5ZFzltW
5,SAME_POSITION,3414.0,21jGcNKet2qwijlDFuPiPb
6,MOVE_UP,2874.0,7aiClxsDWFRQ0Kzk5KI5ku
7,MOVE_DOWN,2723.0,2tnVG71enUj33Ic2nFN6kZ
8,MOVE_UP,2626.0,6WrI0LAC5M1Rw2MnX2ZvEg
9,MOVE_UP,2571.0,1HfMVBKM75vxSfsQ5VefZ5
10,MOVE_DOWN,2516.0,2b8fOow8UzyDFAE27YhOZM
11,SAME_POSITION,2469.0,2Fxmhks0bxGSBdJ92vM42m
12,MOVE_UP,2265.0,0c7K73roy6RW4ebDkf4yGh
13,MOVE_DOWN,2237.0,7qEHsqek33rTcFNT9PFqLf
14,MOVE_UP,2070.0,2QpGZOhTCHHiKmpSO9FW4h
15,MOVE_DOWN,2044.0,70eFcWOvlMObDhURTqT4Fv
16,MOVE_DOWN,2031.0,2plLJpUcYPFrl1sW2pMG63
17,SAME_POSITION,2009.0,50ijEQSR94O6eJgf0GbWuP
18,MOVE_UP,1966.0,6v3KW9xbzN5yKLt9YKDYA2
19,MOVE_DOWN,1958.0,6b2RcmUt1g9N9mQ3CbjX2Y
20,MOVE_UP,1844.0,1lOe9qE0vR9zwWQAOk6CoO
21,MOVE_UP,1767.0,7CHi4DtfK4heMlQaudCuHK
22,MOVE_UP,1754.0,3bY8hZbtWQpCOGHi1IZvz5
23,MOVE_UP,1745.0,0q3QoeqUKLIiHz7d43nvGb
24,MOVE_UP,1739.0,51Fjme0JiitpyXKuyQiCDo
25,MOVE_DOWN,1715.0,1iQDltZqI7BXnHrFy4Qo1k
26,SAME_POSITION,1698.0,6Gg1gjgKi2AK4e0qzsR7sd
27,MOVE_DOWN,1695.0,4sjiIpEv617LDXaidKioOI
28,MOVE_DOWN,1686.0,15epnOVXX9PRB7A6z3YtZV
29,MOVE_UP,1608.0,1VJwtWR6z7SpZRwipI12be
30,MOVE_DOWN,1602.0,4yI3HpbSFSgFZtJP2kDe5m
31,MOVE_UP,1512.0,7LzouaWGFCy4tkXDOOnEyM
32,MOVE_DOWN,1468.0,07Oz5StQ7GRoygNLaXs2pd
33,MOVE_UP,1437.0,63VyEdzMM3w4ZQ1WtARa2S
34,MOVE_UP,1431.0,2W4yABdLc4Jnds67Poi5Nl
35,MOVE_DOWN,1413.0,1tNJrcVe6gwLEiZCtprs1u
36,MOVE_DOWN,1413.0,5rwsJbBNa8SfPW4oFA1GjP
37,MOVE_UP,1372.0,24Yi9hE78yPEbZ4kxyoXAI
38,MOVE_UP,1351.0,4vUmTMuQqjdnvlZmAH61Qk
39,MOVE_UP,1336.0,4etKC4ngPKsQDHUMnYgV3A
40,MOVE_UP,1335.0,6kls8cSlUyHW2BUOkDJIZE
41,SAME_POSITION,1332.0,0hVXuCcriWRGvwMV1r5Yn9
42,MOVE_UP,1330.0,1DFD5Fotzgn6yYXkYsKiGs
43,MOVE_DOWN,1323.0,3i9UVldZOE0aD0JnyfAZZ0
44,MOVE_UP,1319.0,4TnjEaWOeW0eKTKIEvJyCa
45,MOVE_UP,1313.0,6cy3ki60hLwimwIje7tALf
46,MOVE_DOWN,1308.0,56AMYGJzxBO6p8v0wEe9de
47,MOVE_DOWN,1292.0,7iHHxY2NLlJRAmlAmC4ahQ
48,MOVE_DOWN,1286.0,3cphb8kdsjElYR7r5icK3H
49,MOVE_UP,1282.0,7MSS9mAqAHHkUCa7HL0RbA
50,MOVE_UP,1256.0,5DqdesEfbRyOlSS3Tf6c29
51,MOVE_DOWN,1246.0,7CZyCXKG6d5ALeq41sLzbw
52,MOVE_DOWN,1237.0,7jzldCBnJjpJM3epzJ85KE
53,MOVE_DOWN,1234.0,6V9fHiv84WlVTg7CSnIVY2
54,MOVE_DOWN,1227.0,1tjM9dP8GWkYl4orF7yLWD
55,MOVE_UP,1205.0,0RiRZpuVRbi7oqRdSMwhQY
56,MOVE_DOWN,1191.0,0u2P5u6lvoDfwTYjAADbn4
57,MOVE_UP,1183.0,43zdsphuZLzwA9k4DJhU0I
58,MOVE_DOWN,1171.0,6vBdBCoOhKHiYDDOcorfNo
59,MOVE_UP,1154.0,1000nHvUdawXuUHgBod4Wv
60,MOVE_DOWN,1148.0,3GRSqlALWISqLeNncZMbpX
61,MOVE_DOWN,1123.0,26wLOs3ZuHJa2Ihhx6QIE6
62,MOVE_UP,1102.0,7DETuWY9GjRnHeEGGVT8Ee
63,MOVE_UP,1092.0,7mEgb8sSsqPlCsz8RqSZ2v
64,MOVE_UP,1084.0,285pBltuF7vW8TeWk8hdRR
65,MOVE_UP,1031.0,4Of7rzpRpV1mWRbhp5rAqG
66,MOVE_UP,1008.0,2qxmye6gAegTMjLKEBoR3d
67,NEW_ENTRY,1002.0,7qfisxNvTUxlD6mvrw8673
1,SAME_POSITION,5500.0,3ZCTVFBt2Brf31RLEnCkWJ
2,SAME_POSITION,4066.0,1rgnBhdG2JDFTbYkYRZAku
3,SAME_POSITION,3578.0,696DnlkuDOXcMAnKlTgXXK
4,SAME_POSITION,3216.0,3eekarcy7kvN4yt5ZFzltW
5,SAME_POSITION,2992.0,21jGcNKet2qwijlDFuPiPb
6,SAME_POSITION,2538.0,7aiClxsDWFRQ0Kzk5KI5ku
7,SAME_POSITION,2467.0,2tnVG71enUj33Ic2nFN6kZ
8,MOVE_UP,2393.0,2plLJpUcYPFrl1sW2pMG63
9,MOVE_UP,2380.0,2b8fOow8UzyDFAE27YhOZM
10,MOVE_DOWN,2326.0,6WrI0LAC5M1Rw2MnX2ZvEg
11,MOVE_DOWN,2304.0,1HfMVBKM75vxSfsQ5VefZ5
12,SAME_POSITION,2224.0,0c7K73roy6RW4ebDkf4yGh
13,SAME_POSITION,2049.0,7qEHsqek33rTcFNT9PFqLf
14,MOVE_DOWN,2040.0,2Fxmhks0bxGSBdJ92vM42m
15,MOVE_UP,1839.0,50ijEQSR94O6eJgf0GbWuP
16,MOVE_DOWN,1827.0,70eFcWOvlMObDhURTqT4Fv
17,NEW_ENTRY,1817.0,1e9oZCCiX42nJl0AcqriVo
18,MOVE_DOWN,1799.0,2QpGZOhTCHHiKmpSO9FW4h
19,MOVE_DOWN,1768.0,6v3KW9xbzN5yKLt9YKDYA2
20,MOVE_UP,1759.0,3bY8hZbtWQpCOGHi1IZvz5
21,MOVE_DOWN,1728.0,6b2RcmUt1g9N9mQ3CbjX2Y
22,MOVE_UP,1695.0,51Fjme0JiitpyXKuyQiCDo
23,MOVE_DOWN,1694.0,1lOe9qE0vR9zwWQAOk6CoO
24,MOVE_DOWN,1612.0,0q3QoeqUKLIiHz7d43nvGb
25,MOVE_UP,1551.0,4TnjEaWOeW0eKTKIEvJyCa
26,MOVE_UP,1542.0,4sjiIpEv617LDXaidKioOI
27,MOVE_DOWN,1539.0,1iQDltZqI7BXnHrFy4Qo1k
28,MOVE_DOWN,1533.0,7CHi4DtfK4heMlQaudCuHK
29,MOVE_DOWN,1430.0,15epnOVXX9PRB7A6z3YtZV
30,SAME_POSITION,1399.0,4yI3HpbSFSgFZtJP2kDe5m
31,MOVE_DOWN,1317.0,1VJwtWR6z7SpZRwipI12be
32,MOVE_DOWN,1294.0,7LzouaWGFCy4tkXDOOnEyM
33,MOVE_UP,1293.0,5rwsJbBNa8SfPW4oFA1GjP
34,MOVE_UP,1278.0,6kls8cSlUyHW2BUOkDJIZE
35,MOVE_UP,1270.0,4vUmTMuQqjdnvlZmAH61Qk
36,MOVE_DOWN,1264.0,07Oz5StQ7GRoygNLaXs2pd
37,MOVE_DOWN,1261.0,1tNJrcVe6gwLEiZCtprs1u
38,MOVE_DOWN,1256.0,6Gg1gjgKi2AK4e0qzsR7sd
39,MOVE_UP,1239.0,7iHHxY2NLlJRAmlAmC4ahQ
40,MOVE_DOWN,1199.0,24Yi9hE78yPEbZ4kxyoXAI
41,SAME_POSITION,1189.0,0hVXuCcriWRGvwMV1r5Yn9
42,MOVE_UP,1172.0,3i9UVldZOE0aD0JnyfAZZ0
43,MOVE_DOWN,1158.0,2W4yABdLc4Jnds67Poi5Nl
44,MOVE_UP,1153.0,7MSS9mAqAHHkUCa7HL0RbA
45,MOVE_UP,1135.0,43zdsphuZLzwA9k4DJhU0I
46,MOVE_DOWN,1123.0,4etKC4ngPKsQDHUMnYgV3A
47,MOVE_DOWN,1122.0,56AMYGJzxBO6p8v0wEe9de
48,MOVE_UP,1113.0,0u2P5u6lvoDfwTYjAADbn4
49,MOVE_UP,1112.0,5DqdesEfbRyOlSS3Tf6c29
50,MOVE_UP,1100.0,0RiRZpuVRbi7oqRdSMwhQY
51,MOVE_UP,1088.0,6V9fHiv84WlVTg7CSnIVY2
52,MOVE_DOWN,1086.0,1DFD5Fotzgn6yYXkYsKiGs
53,MOVE_DOWN,1083.0,7CZyCXKG6d5ALeq41sLzbw
54,MOVE_DOWN,1074.0,3cphb8kdsjElYR7r5icK3H
55,MOVE_UP,1070.0,6vBdBCoOhKHiYDDOcorfNo
56,MOVE_DOWN,1069.0,6cy3ki60hLwimwIje7tALf
57,MOVE_UP,1063.0,1000nHvUdawXuUHgBod4Wv
58,MOVE_UP,1033.0,3GRSqlALWISqLeNncZMbpX
59,MOVE_DOWN,1030.0,1tjM9dP8GWkYl4orF7yLWD
60,MOVE_DOWN,1023.0,7jzldCBnJjpJM3epzJ85KE
61,NEW_ENTRY,1018.0,1mpD5Q8IM32I4bF6eCpU74
62,NEW_ENTRY,1004.0,30bqVoKjX479ab90a8Pafp
1,SAME_POSITION,5447.0,3ZCTVFBt2Brf31RLEnCkWJ
2,SAME_POSITION,3816.0,1rgnBhdG2JDFTbYkYRZAku
3,SAME_POSITION,3523.0,696DnlkuDOXcMAnKlTgXXK
4,MOVE_UP,3088.0,21jGcNKet2qwijlDFuPiPb
5,MOVE_DOWN,2989.0,3eekarcy7kvN4yt5ZFzltW
6,MOVE_UP,2731.0,3bY8hZbtWQpCOGHi1IZvz5
7,MOVE_DOWN,2500.0,7aiClxsDWFRQ0Kzk5KI5ku
8,SAME_POSITION,2426.0,2plLJpUcYPFrl1sW2pMG63
9,SAME_POSITION,2296.0,2b8fOow8UzyDFAE27YhOZM
10,MOVE_UP,2286.0,1HfMVBKM75vxSfsQ5VefZ5
11,MOVE_DOWN,2284.0,6WrI0LAC5M1Rw2MnX2ZvEg
12,MOVE_DOWN,2278.0,2tnVG71enUj33Ic2nFN6kZ
13,SAME_POSITION,2100.0,7qEHsqek33rTcFNT9PFqLf
14,MOVE_DOWN,2026.0,0c7K73roy6RW4ebDkf4yGh
15,MOVE_UP,1988.0,1e9oZCCiX42nJl0AcqriVo
16,MOVE_UP,1921.0,4TnjEaWOeW0eKTKIEvJyCa
17,MOVE_DOWN,1890.0,2Fxmhks0bxGSBdJ92vM42m
18,MOVE_DOWN,1800.0,50ijEQSR94O6eJgf0GbWuP
19,MOVE_UP,1688.0,6b2RcmUt1g9N9mQ3CbjX2Y
20,MOVE_DOWN,1669.0,70eFcWOvlMObDhURTqT4Fv
21,MOVE_DOWN,1659.0,2QpGZOhTCHHiKmpSO9FW4h
22,MOVE_UP,1587.0,1lOe9qE0vR9zwWQAOk6CoO
23,MOVE_UP,1506.0,1iQDltZqI7BXnHrFy4Qo1k
24,MOVE_DOWN,1506.0,6v3KW9xbzN5yKLt9YKDYA2
25,MOVE_UP,1476.0,1VJwtWR6z7SpZRwipI12be
26,MOVE_UP,1447.0,7CHi4DtfK4heMlQaudCuHK
27,MOVE_DOWN,1444.0,51Fjme0JiitpyXKuyQiCDo
28,MOVE_UP,1444.0,4yI3HpbSFSgFZtJP2kDe5m
29,MOVE_DOWN,1443.0,0q3QoeqUKLIiHz7d43nvGb
30,MOVE_DOWN,1429.0,15epnOVXX9PRB7A6z3YtZV
31,MOVE_DOWN,1420.0,4sjiIpEv617LDXaidKioOI
32,MOVE_UP,1333.0,2W4yABdLc4Jnds67Poi5Nl
33,NEW_ENTRY,1326.0,6C62U8JswctViapGU9eiw3
34,MOVE_DOWN,1314.0,7LzouaWGFCy4tkXDOOnEyM
35,MOVE_DOWN,1286.0,5rwsJbBNa8SfPW4oFA1GjP
36,SAME_POSITION,1258.0,07Oz5StQ7GRoygNLaXs2pd
37,MOVE_DOWN,1242.0,6kls8cSlUyHW2BUOkDJIZE
38,MOVE_UP,1211.0,0u2P5u6lvoDfwTYjAADbn4
39,MOVE_DOWN,1211.0,6Gg1gjgKi2AK4e0qzsR7sd
40,MOVE_DOWN,1206.0,4vUmTMuQqjdnvlZmAH61Qk
41,NEW_ENTRY,1203.0,4J3B1bPmhh0qp8sez5Ga9g
42,MOVE_UP,1202.0,4etKC4ngPKsQDHUMnYgV3A
43,MOVE_UP,1194.0,7MSS9mAqAHHkUCa7HL0RbA
44,MOVE_DOWN,1181.0,1tNJrcVe6gwLEiZCtprs1u
45,MOVE_UP,1166.0,5DqdesEfbRyOlSS3Tf6c29
46,MOVE_DOWN,1163.0,7iHHxY2NLlJRAmlAmC4ahQ
47,MOVE_DOWN,1140.0,43zdsphuZLzwA9k4DJhU0I
48,MOVE_UP,1134.0,6cy3ki60hLwimwIje7tALf
49,MOVE_UP,1131.0,3cphb8kdsjElYR7r5icK3H
50,MOVE_UP,1128.0,30bqVoKjX479ab90a8Pafp
51,MOVE_DOWN,1112.0,24Yi9hE78yPEbZ4kxyoXAI
52,MOVE_DOWN,1111.0,0RiRZpuVRbi7oqRdSMwhQY
53,MOVE_DOWN,1109.0,0hVXuCcriWRGvwMV1r5Yn9
54,MOVE_DOWN,1099.0,6V9fHiv84WlVTg7CSnIVY2
55,NEW_ENTRY,1095.0,0lNWDFt02EXYm86vH9BBRE
56,MOVE_DOWN,1080.0,56AMYGJzxBO6p8v0wEe9de
57,MOVE_DOWN,1063.0,3i9UVldZOE0aD0JnyfAZZ0
58,MOVE_DOWN,1062.0,7CZyCXKG6d5ALeq41sLzbw
59,SAME_POSITION,1059.0,1tjM9dP8GWkYl4orF7yLWD
60,NEW_ENTRY,1027.0,1oDJsBM052espJMVy9dOjn
61,MOVE_DOWN,1023.0,1DFD5Fotzgn6yYXkYsKiGs
62,MOVE_DOWN,1006.0,1000nHvUdawXuUHgBod4Wv
63,MOVE_DOWN,1005.0,3GRSqlALWISqLeNncZMbpX
64,NEW_ENTRY,1004.0,7bqQNZyFth7ld8IogSBtOH
1,SAME_POSITION,6352.0,3ZCTVFBt2Brf31RLEnCkWJ
2,SAME_POSITION,4439.0,1rgnBhdG2JDFTbYkYRZAku
3,SAME_POSITION,3925.0,696DnlkuDOXcMAnKlTgXXK
4,SAME_POSITION,3647.0,21jGcNKet2qwijlDFuPiPb
5,SAME_POSITION,3510.0,3eekarcy7kvN4yt5ZFzltW
6,MOVE_UP,2926.0,2plLJpUcYPFrl1sW2pMG63
7,MOVE_UP,2897.0,6WrI0LAC5M1Rw2MnX2ZvEg
8,MOVE_DOWN,2852.0,7aiClxsDWFRQ0Kzk5KI5ku
9,SAME_POSITION,2821.0,2b8fOow8UzyDFAE27YhOZM
10,SAME_POSITION,2753.0,1HfMVBKM75vxSfsQ5VefZ5
11,MOVE_UP,2752.0,2tnVG71enUj33Ic2nFN6kZ
12,MOVE_UP,2452.0,7qEHsqek33rTcFNT9PFqLf
13,MOVE_UP,2432.0,4TnjEaWOeW0eKTKIEvJyCa
14,MOVE_UP,2425.0,1e9oZCCiX42nJl0AcqriVo
15,MOVE_DOWN,2324.0,3bY8hZbtWQpCOGHi1IZvz5
16,MOVE_DOWN,2302.0,0c7K73roy6RW4ebDkf4yGh
17,MOVE_UP,2174.0,70eFcWOvlMObDhURTqT4Fv
18,MOVE_DOWN,2116.0,2Fxmhks0bxGSBdJ92vM42m
19,SAME_POSITION,2081.0,6b2RcmUt1g9N9mQ3CbjX2Y
20,MOVE_UP,2064.0,2QpGZOhTCHHiKmpSO9FW4h
21,MOVE_DOWN,2008.0,50ijEQSR94O6eJgf0GbWuP
22,MOVE_UP,1907.0,1iQDltZqI7BXnHrFy4Qo1k
23,MOVE_UP,1882.0,7CHi4DtfK4heMlQaudCuHK
24,SAME_POSITION,1784.0,6v3KW9xbzN5yKLt9YKDYA2
25,MOVE_UP,1777.0,4yI3HpbSFSgFZtJP2kDe5m
26,MOVE_DOWN,1665.0,1VJwtWR6z7SpZRwipI12be
27,MOVE_UP,1650.0,7LzouaWGFCy4tkXDOOnEyM
28,MOVE_UP,1607.0,15epnOVXX9PRB7A6z3YtZV
29,MOVE_UP,1595.0,2W4yABdLc4Jnds67Poi5Nl
30,MOVE_UP,1578.0,07Oz5StQ7GRoygNLaXs2pd
31,MOVE_UP,1510.0,3cphb8kdsjElYR7r5icK3H
32,MOVE_UP,1505.0,4vUmTMuQqjdnvlZmAH61Qk
33,MOVE_DOWN,1496.0,1lOe9qE0vR9zwWQAOk6CoO
34,MOVE_UP,1481.0,3i9UVldZOE0aD0JnyfAZZ0
35,MOVE_DOWN,1467.0,0q3QoeqUKLIiHz7d43nvGb
36,MOVE_DOWN,1451.0,4sjiIpEv617LDXaidKioOI
37,MOVE_DOWN,1446.0,51Fjme0JiitpyXKuyQiCDo
38,MOVE_UP,1430.0,7iHHxY2NLlJRAmlAmC4ahQ
39,MOVE_UP,1422.0,1tNJrcVe6gwLEiZCtprs1u
40,MOVE_UP,1419.0,3GRSqlALWISqLeNncZMbpX
41,MOVE_DOWN,1410.0,5rwsJbBNa8SfPW4oFA1GjP
42,MOVE_DOWN,1364.0,6kls8cSlUyHW2BUOkDJIZE
43,MOVE_DOWN,1359.0,4etKC4ngPKsQDHUMnYgV3A
44,MOVE_UP,1356.0,6cy3ki60hLwimwIje7tALf
45,MOVE_UP,1335.0,7CZyCXKG6d5ALeq41sLzbw
46,MOVE_UP,1329.0,6V9fHiv84WlVTg7CSnIVY2
47,MOVE_DOWN,1329.0,5DqdesEfbRyOlSS3Tf6c29
48,MOVE_DOWN,1298.0,6Gg1gjgKi2AK4e0qzsR7sd
49,MOVE_UP,1288.0,0hVXuCcriWRGvwMV1r5Yn9
50,MOVE_UP,1282.0,1DFD5Fotzgn6yYXkYsKiGs
51,MOVE_DOWN,1268.0,43zdsphuZLzwA9k4DJhU0I
52,MOVE_UP,1266.0,56AMYGJzxBO6p8v0wEe9de
53,MOVE_DOWN,1260.0,24Yi9hE78yPEbZ4kxyoXAI
54,NEW_ENTRY,1248.0,4Of7rzpRpV1mWRbhp5rAqG
55,NEW_ENTRY,1246.0,26wLOs3ZuHJa2Ihhx6QIE6
56,MOVE_UP,1235.0,1tjM9dP8GWkYl4orF7yLWD
57,NEW_ENTRY,1187.0,7jzldCBnJjpJM3epzJ85KE
58,MOVE_DOWN,1183.0,30bqVoKjX479ab90a8Pafp
59,NEW_ENTRY,1177.0,1mpD5Q8IM32I4bF6eCpU74
60,MOVE_DOWN,1176.0,0RiRZpuVRbi7oqRdSMwhQY
61,MOVE_DOWN,1175.0,7MSS9mAqAHHkUCa7HL0RbA
62,MOVE_DOWN,1167.0,0u2P5u6lvoDfwTYjAADbn4
63,NEW_ENTRY,1140.0,6muOWhMh7Tf0UFUtMDBhUR
64,NEW_ENTRY,1115.0,5aUSEPNd3m5xliFK4pn5mU
65,NEW_ENTRY,1112.0,6vBdBCoOhKHiYDDOcorfNo
66,NEW_ENTRY,1099.0,2wrJq5XKLnmhRXHIAf9xBa
67,NEW_ENTRY,1074.0,7mEgb8sSsqPlCsz8RqSZ2v
68,NEW_ENTRY,1066.0,4wopYJ5wpYOM6ogm2Jugnw
69,NEW_ENTRY,1058.0,63VyEdzMM3w4ZQ1WtARa2S
70,NEW_ENTRY,1041.0,0mjAU3yKR1QnXnHtjGJqTM
71,NEW_ENTRY,1019.0,6Dh32tS5znKbryJdHXSRrC
72,NEW_ENTRY,1001.0,2qxmye6gAegTMjLKEBoR3d
1,SAME_POSITION,6086.0,3ZCTVFBt2Brf31RLEnCkWJ
2,SAME_POSITION,4506.0,1rgnBhdG2JDFTbYkYRZAku
3,SAME_POSITION,3988.0,696DnlkuDOXcMAnKlTgXXK
4,SAME_POSITION,3657.0,21jGcNKet2qwijlDFuPiPb
5,SAME_POSITION,3637.0,3eekarcy7kvN4yt5ZFzltW
6,MOVE_UP,3302.0,4TnjEaWOeW0eKTKIEvJyCa
7,MOVE_UP,3032.0,7aiClxsDWFRQ0Kzk5KI5ku
8,MOVE_DOWN,2908.0,6WrI0LAC5M1Rw2MnX2ZvEg
9,MOVE_DOWN,2845.0,2plLJpUcYPFrl1sW2pMG63
10,MOVE_DOWN,2825.0,2b8fOow8UzyDFAE27YhOZM
11,SAME_POSITION,2801.0,2tnVG71enUj33Ic2nFN6kZ
12,MOVE_DOWN,2768.0,1HfMVBKM75vxSfsQ5VefZ5
13,MOVE_UP,2512.0,0c7K73roy6RW4ebDkf4yGh
14,MOVE_DOWN,2376.0,7qEHsqek33rTcFNT9PFqLf
15,MOVE_UP,2262.0,2Fxmhks0bxGSBdJ92vM42m
16,MOVE_DOWN,2227.0,1e9oZCCiX42nJl0AcqriVo
17,SAME_POSITION,2205.0,70eFcWOvlMObDhURTqT4Fv
18,NEW_ENTRY,2204.0,0mQSuFP0CaoBWiWPFJizX8
19,MOVE_UP,2047.0,2QpGZOhTCHHiKmpSO9FW4h
20,MOVE_DOWN,2040.0,3bY8hZbtWQpCOGHi1IZvz5
21,MOVE_DOWN,1991.0,6b2RcmUt1g9N9mQ3CbjX2Y
22,SAME_POSITION,1967.0,1iQDltZqI7BXnHrFy4Qo1k
23,MOVE_DOWN,1912.0,50ijEQSR94O6eJgf0GbWuP
24,MOVE_DOWN,1887.0,7CHi4DtfK4heMlQaudCuHK
25,MOVE_DOWN,1841.0,6v3KW9xbzN5yKLt9YKDYA2
26,MOVE_UP,1658.0,7LzouaWGFCy4tkXDOOnEyM
27,MOVE_DOWN,1645.0,4yI3HpbSFSgFZtJP2kDe5m
28,MOVE_DOWN,1603.0,1VJwtWR6z7SpZRwipI12be
29,MOVE_UP,1596.0,1lOe9qE0vR9zwWQAOk6CoO
30,SAME_POSITION,1570.0,07Oz5StQ7GRoygNLaXs2pd
31,MOVE_UP,1554.0,4sjiIpEv617LDXaidKioOI
32,MOVE_UP,1543.0,51Fjme0JiitpyXKuyQiCDo
33,MOVE_UP,1498.0,7iHHxY2NLlJRAmlAmC4ahQ
34,MOVE_UP,1495.0,6kls8cSlUyHW2BUOkDJIZE
35,MOVE_DOWN,1485.0,3cphb8kdsjElYR7r5icK3H
36,MOVE_DOWN,1484.0,2W4yABdLc4Jnds67Poi5Nl
37,MOVE_UP,1483.0,1tNJrcVe6gwLEiZCtprs1u
38,MOVE_UP,1473.0,5rwsJbBNa8SfPW4oFA1GjP
39,MOVE_DOWN,1473.0,0q3QoeqUKLIiHz7d43nvGb
40,MOVE_UP,1452.0,56AMYGJzxBO6p8v0wEe9de
41,MOVE_DOWN,1445.0,4vUmTMuQqjdnvlZmAH61Qk
42,MOVE_UP,1443.0,6V9fHiv84WlVTg7CSnIVY2
43,MOVE_DOWN,1435.0,15epnOVXX9PRB7A6z3YtZV
44,MOVE_DOWN,1379.0,3i9UVldZOE0aD0JnyfAZZ0
45,MOVE_UP,1377.0,0hVXuCcriWRGvwMV1r5Yn9
46,MOVE_UP,1354.0,6Gg1gjgKi2AK4e0qzsR7sd
47,MOVE_DOWN,1348.0,4etKC4ngPKsQDHUMnYgV3A
48,MOVE_DOWN,1348.0,5DqdesEfbRyOlSS3Tf6c29
49,MOVE_DOWN,1340.0,3GRSqlALWISqLeNncZMbpX
50,MOVE_DOWN,1334.0,7CZyCXKG6d5ALeq41sLzbw
51,MOVE_DOWN,1327.0,6cy3ki60hLwimwIje7tALf
52,MOVE_UP,1304.0,26wLOs3ZuHJa2Ihhx6QIE6
53,MOVE_UP,1274.0,0u2P5u6lvoDfwTYjAADbn4
54,MOVE_UP,1265.0,30bqVoKjX479ab90a8Pafp
55,MOVE_DOWN,1264.0,43zdsphuZLzwA9k4DJhU0I
56,SAME_POSITION,1241.0,1tjM9dP8GWkYl4orF7yLWD
57,MOVE_DOWN,1215.0,1DFD5Fotzgn6yYXkYsKiGs
58,MOVE_DOWN,1197.0,4Of7rzpRpV1mWRbhp5rAqG
59,MOVE_DOWN,1195.0,24Yi9hE78yPEbZ4kxyoXAI
60,MOVE_DOWN,1191.0,1mpD5Q8IM32I4bF6eCpU74
61,MOVE_DOWN,1158.0,7jzldCBnJjpJM3epzJ85KE
62,MOVE_UP,1154.0,6muOWhMh7Tf0UFUtMDBhUR
63,MOVE_UP,1151.0,2wrJq5XKLnmhRXHIAf9xBa
64,MOVE_DOWN,1148.0,7MSS9mAqAHHkUCa7HL0RbA
65,MOVE_UP,1143.0,0mjAU3yKR1QnXnHtjGJqTM
66,MOVE_DOWN,1136.0,6vBdBCoOhKHiYDDOcorfNo
67,MOVE_DOWN,1116.0,0RiRZpuVRbi7oqRdSMwhQY
68,MOVE_UP,1107.0,63VyEdzMM3w4ZQ1WtARa2S
69,MOVE_DOWN,1076.0,5aUSEPNd3m5xliFK4pn5mU
70,NEW_ENTRY,1043.0,6gBFPUFcJLzWGx4lenP6h2
71,NEW_ENTRY,1032.0,4sWuPniHClkInYAnzXAYUF
72,MOVE_DOWN,1014.0,4wopYJ5wpYOM6ogm2Jugnw
1,SAME_POSITION,5597.0,3ZCTVFBt2Brf31RLEnCkWJ
2,SAME_POSITION,4506.0,1rgnBhdG2JDFTbYkYRZAku
3,SAME_POSITION,4014.0,696DnlkuDOXcMAnKlTgXXK
4,SAME_POSITION,3541.0,21jGcNKet2qwijlDFuPiPb
5,SAME_POSITION,3537.0,3eekarcy7kvN4yt5ZFzltW
6,SAME_POSITION,3246.0,4TnjEaWOeW0eKTKIEvJyCa
7,SAME_POSITION,2858.0,7aiClxsDWFRQ0Kzk5KI5ku
8,SAME_POSITION,2810.0,6WrI0LAC5M1Rw2MnX2ZvEg
9,MOVE_UP,2767.0,2tnVG71enUj33Ic2nFN6kZ
10,MOVE_UP,2737.0,1HfMVBKM75vxSfsQ5VefZ5
11,MOVE_DOWN,2643.0,2b8fOow8UzyDFAE27YhOZM
12,MOVE_DOWN,2633.0,2plLJpUcYPFrl1sW2pMG63
13,SAME_POSITION,2412.0,0c7K73roy6RW4ebDkf4yGh
14,MOVE_UP,2304.0,2Fxmhks0bxGSBdJ92vM42m
15,MOVE_UP,2158.0,70eFcWOvlMObDhURTqT4Fv
16,MOVE_DOWN,2139.0,7qEHsqek33rTcFNT9PFqLf
17,MOVE_UP,2064.0,2QpGZOhTCHHiKmpSO9FW4h
18,MOVE_DOWN,2040.0,1e9oZCCiX42nJl0AcqriVo
19,MOVE_UP,1987.0,6b2RcmUt1g9N9mQ3CbjX2Y
20,SAME_POSITION,1929.0,3bY8hZbtWQpCOGHi1IZvz5
21,MOVE_UP,1904.0,50ijEQSR94O6eJgf0GbWuP
22,SAME_POSITION,1830.0,1iQDltZqI7BXnHrFy4Qo1k
23,MOVE_UP,1813.0,7CHi4DtfK4heMlQaudCuHK
24,MOVE_UP,1811.0,6v3KW9xbzN5yKLt9YKDYA2
25,MOVE_DOWN,1791.0,0mQSuFP0CaoBWiWPFJizX8
26,MOVE_UP,1723.0,1lOe9qE0vR9zwWQAOk6CoO
27,SAME_POSITION,1616.0,4yI3HpbSFSgFZtJP2kDe5m
28,MOVE_UP,1616.0,07Oz5StQ7GRoygNLaXs2pd
29,MOVE_UP,1596.0,4sjiIpEv617LDXaidKioOI
30,MOVE_UP,1564.0,51Fjme0JiitpyXKuyQiCDo
31,MOVE_DOWN,1549.0,1VJwtWR6z7SpZRwipI12be
32,MOVE_DOWN,1539.0,7LzouaWGFCy4tkXDOOnEyM
33,MOVE_UP,1512.0,6kls8cSlUyHW2BUOkDJIZE
34,MOVE_UP,1484.0,0hVXuCcriWRGvwMV1r5Yn9
35,MOVE_UP,1475.0,5rwsJbBNa8SfPW4oFA1GjP
36,MOVE_UP,1473.0,1tNJrcVe6gwLEiZCtprs1u
37,MOVE_UP,1450.0,4vUmTMuQqjdnvlZmAH61Qk
38,MOVE_UP,1429.0,15epnOVXX9PRB7A6z3YtZV
39,MOVE_DOWN,1421.0,2W4yABdLc4Jnds67Poi5Nl
40,MOVE_DOWN,1404.0,3cphb8kdsjElYR7r5icK3H
41,MOVE_DOWN,1402.0,7iHHxY2NLlJRAmlAmC4ahQ
42,MOVE_DOWN,1393.0,0q3QoeqUKLIiHz7d43nvGb
43,MOVE_DOWN,1356.0,6V9fHiv84WlVTg7CSnIVY2
44,MOVE_UP,1329.0,7CZyCXKG6d5ALeq41sLzbw
45,MOVE_UP,1323.0,6Gg1gjgKi2AK4e0qzsR7sd
46,MOVE_UP,1317.0,1tjM9dP8GWkYl4orF7yLWD
47,MOVE_UP,1301.0,6cy3ki60hLwimwIje7tALf
48,MOVE_DOWN,1298.0,3i9UVldZOE0aD0JnyfAZZ0
49,MOVE_DOWN,1296.0,5DqdesEfbRyOlSS3Tf6c29
50,MOVE_DOWN,1284.0,4etKC4ngPKsQDHUMnYgV3A
51,MOVE_UP,1284.0,43zdsphuZLzwA9k4DJhU0I
52,MOVE_UP,1271.0,0u2P5u6lvoDfwTYjAADbn4
53,MOVE_DOWN,1255.0,56AMYGJzxBO6p8v0wEe9de
54,MOVE_DOWN,1254.0,3GRSqlALWISqLeNncZMbpX
55,MOVE_UP,1249.0,6muOWhMh7Tf0UFUtMDBhUR
56,MOVE_UP,1221.0,1DFD5Fotzgn6yYXkYsKiGs
57,MOVE_DOWN,1215.0,26wLOs3ZuHJa2Ihhx6QIE6
58,MOVE_DOWN,1204.0,30bqVoKjX479ab90a8Pafp
59,SAME_POSITION,1202.0,24Yi9hE78yPEbZ4kxyoXAI
60,MOVE_UP,1188.0,7MSS9mAqAHHkUCa7HL0RbA
61,MOVE_DOWN,1186.0,1mpD5Q8IM32I4bF6eCpU74
62,MOVE_UP,1153.0,63VyEdzMM3w4ZQ1WtARa2S
63,MOVE_UP,1147.0,6vBdBCoOhKHiYDDOcorfNo
64,MOVE_DOWN,1129.0,7jzldCBnJjpJM3epzJ85KE
65,SAME_POSITION,1110.0,0mjAU3yKR1QnXnHtjGJqTM
66,MOVE_UP,1103.0,0RiRZpuVRbi7oqRdSMwhQY
67,NEW_ENTRY,1075.0,6Dh32tS5znKbryJdHXSRrC
68,MOVE_DOWN,1074.0,2wrJq5XKLnmhRXHIAf9xBa
69,NEW_ENTRY,1046.0,2qxmye6gAegTMjLKEBoR3d
70,NEW_ENTRY,1026.0,285pBltuF7vW8TeWk8hdRR
71,MOVE_DOWN,1024.0,6gBFPUFcJLzWGx4lenP6h2
72,NEW_ENTRY,1017.0,2xLMifQCjDGFmkHkpNLD9h
73,NEW_ENTRY,1010.0,0S0vWvyZ6Rc79TXkWxT9QA
1,SAME_POSITION,5004.0,3ZCTVFBt2Brf31RLEnCkWJ
2,SAME_POSITION,4783.0,1rgnBhdG2JDFTbYkYRZAku
3,SAME_POSITION,4143.0,696DnlkuDOXcMAnKlTgXXK
4,MOVE_UP,3739.0,3eekarcy7kvN4yt5ZFzltW
5,MOVE_UP,3591.0,4TnjEaWOeW0eKTKIEvJyCa
6,MOVE_DOWN,3567.0,21jGcNKet2qwijlDFuPiPb
7,SAME_POSITION,3227.0,7aiClxsDWFRQ0Kzk5KI5ku
8,MOVE_UP,2850.0,2tnVG71enUj33Ic2nFN6kZ
9,MOVE_DOWN,2844.0,6WrI0LAC5M1Rw2MnX2ZvEg
10,MOVE_UP,2758.0,2b8fOow8UzyDFAE27YhOZM
11,MOVE_UP,2717.0,2plLJpUcYPFrl1sW2pMG63
12,MOVE_DOWN,2611.0,1HfMVBKM75vxSfsQ5VefZ5
13,MOVE_UP,2444.0,1e9oZCCiX42nJl0AcqriVo
14,MOVE_DOWN,2414.0,6piAUJJQFD8oHDUr0b7l7q
15,MOVE_DOWN,2335.0,2Fxmhks0bxGSBdJ92vM42m
16,SAME_POSITION,2206.0,7qEHsqek33rTcFNT9PFqLf
17,MOVE_DOWN,2186.0,70eFcWOvlMObDhURTqT4Fv
18,MOVE_DOWN,2094.0,2QpGZOhTCHHiKmpSO9FW4h
19,MOVE_UP,2072.0,7CHi4DtfK4heMlQaudCuHK
20,SAME_POSITION,2037.0,3bY8hZbtWQpCOGHi1IZvz5
21,MOVE_UP,2023.0,03T4ttRCiLXST6MZjeMwmR
22,MOVE_DOWN,1991.0,50ijEQSR94O6eJgf0GbWuP
23,MOVE_DOWN,1978.0,6b2RcmUt1g9N9mQ3CbjX2Y
24,MOVE_DOWN,1962.0,1iQDltZqI7BXnHrFy4Qo1k
25,MOVE_DOWN,1826.0,6v3KW9xbzN5yKLt9YKDYA2
26,SAME_POSITION,1777.0,1lOe9qE0vR9zwWQAOk6CoO
27,NEW_ENTRY,1768.0,07s9NNOT0sZQp7TyolLLgu
28,NEW_ENTRY,1755.0,6mf7BNgXs8JipPr2QILnyN
29,MOVE_UP,1704.0,7LzouaWGFCy4tkXDOOnEyM
30,MOVE_DOWN,1672.0,4yI3HpbSFSgFZtJP2kDe5m
31,MOVE_DOWN,1659.0,51Fjme0JiitpyXKuyQiCDo
32,MOVE_UP,1636.0,0q3QoeqUKLIiHz7d43nvGb
33,MOVE_DOWN,1632.0,1VJwtWR6z7SpZRwipI12be
34,MOVE_DOWN,1590.0,07Oz5StQ7GRoygNLaXs2pd
35,MOVE_UP,1564.0,2W4yABdLc4Jnds67Poi5Nl
36,MOVE_DOWN,1543.0,5rwsJbBNa8SfPW4oFA1GjP
37,MOVE_DOWN,1536.0,1tNJrcVe6gwLEiZCtprs1u
38,MOVE_UP,1524.0,3cphb8kdsjElYR7r5icK3H
39,MOVE_DOWN,1501.0,4sjiIpEv617LDXaidKioOI
40,NEW_ENTRY,1489.0,2gMXnyrvIjhVBUZwvLZDMP
41,MOVE_DOWN,1476.0,6kls8cSlUyHW2BUOkDJIZE
42,MOVE_DOWN,1446.0,4vUmTMuQqjdnvlZmAH61Qk
43,MOVE_UP,1432.0,4etKC4ngPKsQDHUMnYgV3A
44,MOVE_UP,1431.0,6Gg1gjgKi2AK4e0qzsR7sd
45,MOVE_DOWN,1419.0,15epnOVXX9PRB7A6z3YtZV
46,MOVE_DOWN,1395.0,0hVXuCcriWRGvwMV1r5Yn9
47,SAME_POSITION,1391.0,6cy3ki60hLwimwIje7tALf
48,SAME_POSITION,1372.0,3i9UVldZOE0aD0JnyfAZZ0
49,MOVE_DOWN,1363.0,6V9fHiv84WlVTg7CSnIVY2
50,MOVE_DOWN,1353.0,7CZyCXKG6d5ALeq41sLzbw
51,MOVE_UP,1332.0,24Yi9hE78yPEbZ4kxyoXAI
52,MOVE_DOWN,1329.0,0mQSuFP0CaoBWiWPFJizX8
53,MOVE_UP,1322.0,26wLOs3ZuHJa2Ihhx6QIE6
54,MOVE_UP,1289.0,1DFD5Fotzgn6yYXkYsKiGs
55,MOVE_DOWN,1281.0,1tjM9dP8GWkYl4orF7yLWD
56,MOVE_DOWN,1276.0,56AMYGJzxBO6p8v0wEe9de
57,NEW_ENTRY,1272.0,7mEgb8sSsqPlCsz8RqSZ2v
58,MOVE_DOWN,1267.0,0u2P5u6lvoDfwTYjAADbn4
59,MOVE_UP,1258.0,1mpD5Q8IM32I4bF6eCpU74
60,MOVE_DOWN,1240.0,30bqVoKjX479ab90a8Pafp
61,MOVE_DOWN,1219.0,7MSS9mAqAHHkUCa7HL0RbA
62,MOVE_DOWN,1209.0,3GRSqlALWISqLeNncZMbpX
63,NEW_ENTRY,1204.0,3pcPPhPAiurm2Ior11SHrz
64,MOVE_DOWN,1195.0,6vBdBCoOhKHiYDDOcorfNo
65,MOVE_DOWN,1185.0,43zdsphuZLzwA9k4DJhU0I
66,MOVE_UP,1181.0,6Dh32tS5znKbryJdHXSRrC
67,NEW_ENTRY,1177.0,1e8D1BCD2afT56Km7UahpB
68,MOVE_DOWN,1155.0,7iHHxY2NLlJRAmlAmC4ahQ
69,MOVE_DOWN,1123.0,0RiRZpuVRbi7oqRdSMwhQY
70,NEW_ENTRY,1120.0,0h9fnCSnbUgOEgibnQByFv
71,NEW_ENTRY,1118.0,0ZlVUhjO8c0bOx1D2Btznf
72,MOVE_DOWN,1101.0,0mjAU3yKR1QnXnHtjGJqTM
73,NEW_ENTRY,1096.0,7tgjDlQsMR8RvkdlNCJA58
74,MOVE_DOWN,1088.0,2xLMifQCjDGFmkHkpNLD9h
75,NEW_ENTRY,1081.0,6Tb7Zfo4PcSiS4TqQ4NnTh
76,NEW_ENTRY,1079.0,6Ozh9Ok6h4Oi1wUSLtBseN
77,NEW_ENTRY,1077.0,45PqOIkZ9PdCjsCJQYzx9G
78,MOVE_DOWN,1075.0,2wrJq5XKLnmhRXHIAf9xBa
79,NEW_ENTRY,1069.0,1000nHvUdawXuUHgBod4Wv
80,NEW_ENTRY,1063.0,7ycWLEP1GsNjVvcjawXz3z
81,NEW_ENTRY,1055.0,35poFvLMiXHPZsItZ0HiHZ
82,MOVE_DOWN,1054.0,285pBltuF7vW8TeWk8hdRR
83,MOVE_DOWN,1052.0,63VyEdzMM3w4ZQ1WtARa2S
84,NEW_ENTRY,1044.0,53ORJG1CfDX0xo8qyhup6Q
85,NEW_ENTRY,1042.0,6oJ6le65B3SEqPwMRNXWjY
86,NEW_ENTRY,1032.0,0bYg9bo50gSsH3LtXe2SQn
87,NEW_ENTRY,1032.0,2gUJfXmgVvnzGFk7J6dZch
88,MOVE_DOWN,1031.0,6gBFPUFcJLzWGx4lenP6h2
89,NEW_ENTRY,1030.0,4jvjzW7Hm0yK4LvvE0Paz9
90,MOVE_DOWN,1027.0,2qxmye6gAegTMjLKEBoR3d
91,NEW_ENTRY,1022.0,792c14LiectozZczjylkfW
92,MOVE_DOWN,1019.0,7jzldCBnJjpJM3epzJ85KE
93,NEW_ENTRY,1007.0,0e7ipj03S05BNilyu5bRzt
1,MOVE_UP,4342.0,1rgnBhdG2JDFTbYkYRZAku
2,MOVE_DOWN,4208.0,3ZCTVFBt2Brf31RLEnCkWJ
3,SAME_POSITION,3876.0,696DnlkuDOXcMAnKlTgXXK
4,MOVE_UP,3536.0,4TnjEaWOeW0eKTKIEvJyCa
5,MOVE_DOWN,3209.0,3eekarcy7kvN4yt5ZFzltW
6,SAME_POSITION,3079.0,21jGcNKet2qwijlDFuPiPb
7,SAME_POSITION,2781.0,7aiClxsDWFRQ0Kzk5KI5ku
8,SAME_POSITION,2466.0,2tnVG71enUj33Ic2nFN6kZ
9,MOVE_UP,2352.0,2b8fOow8UzyDFAE27YhOZM
10,MOVE_DOWN,2350.0,6WrI0LAC5M1Rw2MnX2ZvEg
11,MOVE_UP,2337.0,6piAUJJQFD8oHDUr0b7l7q
12,MOVE_DOWN,2243.0,2plLJpUcYPFrl1sW2pMG63
13,MOVE_DOWN,2238.0,1HfMVBKM75vxSfsQ5VefZ5
14,MOVE_UP,2160.0,2Fxmhks0bxGSBdJ92vM42m
15,MOVE_UP,2011.0,7qEHsqek33rTcFNT9PFqLf
16,MOVE_UP,1951.0,3bY8hZbtWQpCOGHi1IZvz5
17,MOVE_DOWN,1937.0,1e9oZCCiX42nJl0AcqriVo
18,MOVE_DOWN,1893.0,70eFcWOvlMObDhURTqT4Fv
19,MOVE_UP,1771.0,50ijEQSR94O6eJgf0GbWuP
20,MOVE_UP,1767.0,6b2RcmUt1g9N9mQ3CbjX2Y
21,MOVE_DOWN,1761.0,7CHi4DtfK4heMlQaudCuHK
22,MOVE_UP,1705.0,6v3KW9xbzN5yKLt9YKDYA2
23,MOVE_UP,1703.0,1lOe9qE0vR9zwWQAOk6CoO
24,MOVE_DOWN,1657.0,2QpGZOhTCHHiKmpSO9FW4h
25,MOVE_DOWN,1604.0,1iQDltZqI7BXnHrFy4Qo1k
26,MOVE_UP,1591.0,51Fjme0JiitpyXKuyQiCDo
27,MOVE_UP,1579.0,0q3QoeqUKLIiHz7d43nvGb
28,MOVE_DOWN,1521.0,03T4ttRCiLXST6MZjeMwmR
29,MOVE_UP,1506.0,2W4yABdLc4Jnds67Poi5Nl
30,MOVE_UP,1427.0,1VJwtWR6z7SpZRwipI12be
31,MOVE_UP,1425.0,07Oz5StQ7GRoygNLaXs2pd
32,MOVE_UP,1424.0,4sjiIpEv617LDXaidKioOI
33,MOVE_DOWN,1403.0,7LzouaWGFCy4tkXDOOnEyM
34,MOVE_UP,1388.0,5rwsJbBNa8SfPW4oFA1GjP
35,MOVE_UP,1382.0,6kls8cSlUyHW2BUOkDJIZE
36,MOVE_DOWN,1365.0,4yI3HpbSFSgFZtJP2kDe5m
37,SAME_POSITION,1363.0,1tNJrcVe6gwLEiZCtprs1u
38,MOVE_UP,1354.0,4etKC4ngPKsQDHUMnYgV3A
39,MOVE_UP,1347.0,6Gg1gjgKi2AK4e0qzsR7sd
40,MOVE_UP,1293.0,4vUmTMuQqjdnvlZmAH61Qk
41,MOVE_UP,1280.0,24Yi9hE78yPEbZ4kxyoXAI
42,MOVE_DOWN,1243.0,3cphb8kdsjElYR7r5icK3H
43,MOVE_UP,1243.0,0hVXuCcriWRGvwMV1r5Yn9
44,MOVE_UP,1222.0,15epnOVXX9PRB7A6z3YtZV
45,MOVE_UP,1217.0,0bYg9bo50gSsH3LtXe2SQn
46,MOVE_UP,1162.0,6cy3ki60hLwimwIje7tALf
47,MOVE_UP,1162.0,7CZyCXKG6d5ALeq41sLzbw
48,MOVE_UP,1160.0,6V9fHiv84WlVTg7CSnIVY2
49,MOVE_DOWN,1159.0,07s9NNOT0sZQp7TyolLLgu
50,MOVE_UP,1158.0,1DFD5Fotzgn6yYXkYsKiGs
51,MOVE_UP,1150.0,1tjM9dP8GWkYl4orF7yLWD
52,MOVE_DOWN,1133.0,2gMXnyrvIjhVBUZwvLZDMP
53,MOVE_UP,1127.0,0u2P5u6lvoDfwTYjAADbn4
54,MOVE_UP,1126.0,7MSS9mAqAHHkUCa7HL0RbA
55,MOVE_UP,1113.0,30bqVoKjX479ab90a8Pafp
56,MOVE_DOWN,1111.0,3i9UVldZOE0aD0JnyfAZZ0
57,MOVE_DOWN,1099.0,56AMYGJzxBO6p8v0wEe9de
58,MOVE_DOWN,1096.0,26wLOs3ZuHJa2Ihhx6QIE6
59,MOVE_DOWN,1094.0,7mEgb8sSsqPlCsz8RqSZ2v
60,MOVE_UP,1093.0,0RiRZpuVRbi7oqRdSMwhQY
61,MOVE_UP,1045.0,6Dh32tS5znKbryJdHXSRrC
62,MOVE_UP,1022.0,6vBdBCoOhKHiYDDOcorfNo
63,MOVE_DOWN,1018.0,1mpD5Q8IM32I4bF6eCpU74
64,MOVE_UP,1014.0,43zdsphuZLzwA9k4DJhU0I
65,MOVE_UP,1005.0,1000nHvUdawXuUHgBod4Wv
66,NEW_ENTRY,1004.0,7qfisxNvTUxlD6mvrw8673
67,MOVE_DOWN,1002.0,6mf7BNgXs8JipPr2QILnyN
1,MOVE_UP,4070.0,3ZCTVFBt2Brf31RLEnCkWJ
2,MOVE_DOWN,3797.0,1rgnBhdG2JDFTbYkYRZAku
3,MOVE_UP,3769.0,4TnjEaWOeW0eKTKIEvJyCa
4,MOVE_DOWN,3759.0,696DnlkuDOXcMAnKlTgXXK
5,MOVE_UP,2909.0,21jGcNKet2qwijlDFuPiPb
6,MOVE_DOWN,2765.0,3eekarcy7kvN4yt5ZFzltW
7,SAME_POSITION,2653.0,7aiClxsDWFRQ0Kzk5KI5ku
8,MOVE_UP,2351.0,2b8fOow8UzyDFAE27YhOZM
9,MOVE_UP,2320.0,6WrI0LAC5M1Rw2MnX2ZvEg
10,MOVE_DOWN,2293.0,2tnVG71enUj33Ic2nFN6kZ
11,SAME_POSITION,2170.0,6piAUJJQFD8oHDUr0b7l7q
12,SAME_POSITION,2100.0,2plLJpUcYPFrl1sW2pMG63
13,SAME_POSITION,2078.0,1HfMVBKM75vxSfsQ5VefZ5
14,SAME_POSITION,1969.0,2Fxmhks0bxGSBdJ92vM42m
15,SAME_POSITION,1940.0,7qEHsqek33rTcFNT9PFqLf
16,MOVE_UP,1856.0,1e9oZCCiX42nJl0AcqriVo
17,MOVE_UP,1686.0,70eFcWOvlMObDhURTqT4Fv
18,MOVE_DOWN,1668.0,3bY8hZbtWQpCOGHi1IZvz5
19,MOVE_UP,1623.0,1lOe9qE0vR9zwWQAOk6CoO
20,SAME_POSITION,1548.0,6b2RcmUt1g9N9mQ3CbjX2Y
21,MOVE_UP,1548.0,51Fjme0JiitpyXKuyQiCDo
22,SAME_POSITION,1543.0,6v3KW9xbzN5yKLt9YKDYA2
23,MOVE_DOWN,1524.0,50ijEQSR94O6eJgf0GbWuP
24,MOVE_UP,1498.0,1iQDltZqI7BXnHrFy4Qo1k
25,MOVE_DOWN,1495.0,2QpGZOhTCHHiKmpSO9FW4h
26,MOVE_DOWN,1455.0,7CHi4DtfK4heMlQaudCuHK
27,MOVE_UP,1449.0,0bYg9bo50gSsH3LtXe2SQn
28,MOVE_UP,1405.0,2W4yABdLc4Jnds67Poi5Nl
29,MOVE_DOWN,1401.0,0q3QoeqUKLIiHz7d43nvGb
30,MOVE_DOWN,1398.0,03T4ttRCiLXST6MZjeMwmR
31,MOVE_DOWN,1331.0,1VJwtWR6z7SpZRwipI12be
32,MOVE_UP,1319.0,24Yi9hE78yPEbZ4kxyoXAI
33,MOVE_UP,1296.0,6kls8cSlUyHW2BUOkDJIZE
34,MOVE_DOWN,1288.0,4sjiIpEv617LDXaidKioOI
35,MOVE_DOWN,1270.0,5rwsJbBNa8SfPW4oFA1GjP
36,MOVE_DOWN,1266.0,07Oz5StQ7GRoygNLaXs2pd
37,MOVE_DOWN,1237.0,7LzouaWGFCy4tkXDOOnEyM
38,MOVE_DOWN,1232.0,4yI3HpbSFSgFZtJP2kDe5m
39,MOVE_DOWN,1227.0,1tNJrcVe6gwLEiZCtprs1u
40,SAME_POSITION,1173.0,4vUmTMuQqjdnvlZmAH61Qk
41,MOVE_DOWN,1154.0,6Gg1gjgKi2AK4e0qzsR7sd
42,MOVE_UP,1128.0,07s9NNOT0sZQp7TyolLLgu
43,MOVE_UP,1108.0,15epnOVXX9PRB7A6z3YtZV
44,MOVE_DOWN,1107.0,4etKC4ngPKsQDHUMnYgV3A
45,MOVE_DOWN,1107.0,3cphb8kdsjElYR7r5icK3H
46,MOVE_UP,1099.0,0u2P5u6lvoDfwTYjAADbn4
47,MOVE_UP,1098.0,2gMXnyrvIjhVBUZwvLZDMP
48,MOVE_DOWN,1096.0,0hVXuCcriWRGvwMV1r5Yn9
49,MOVE_UP,1090.0,43zdsphuZLzwA9k4DJhU0I
50,MOVE_UP,1071.0,1tjM9dP8GWkYl4orF7yLWD
51,MOVE_DOWN,1069.0,1DFD5Fotzgn6yYXkYsKiGs
52,MOVE_DOWN,1061.0,6cy3ki60hLwimwIje7tALf
53,MOVE_UP,1059.0,30bqVoKjX479ab90a8Pafp
54,NEW_ENTRY,1052.0,2FRnf9qhLbvw8fu4IBXx78
55,MOVE_DOWN,1046.0,6V9fHiv84WlVTg7CSnIVY2
56,MOVE_UP,1043.0,26wLOs3ZuHJa2Ihhx6QIE6
57,MOVE_UP,1032.0,7mEgb8sSsqPlCsz8RqSZ2v
1,SAME_POSITION,4628.0,3ZCTVFBt2Brf31RLEnCkWJ
2,SAME_POSITION,4279.0,1rgnBhdG2JDFTbYkYRZAku
3,SAME_POSITION,4189.0,4TnjEaWOeW0eKTKIEvJyCa
4,SAME_POSITION,3796.0,696DnlkuDOXcMAnKlTgXXK
5,SAME_POSITION,3319.0,21jGcNKet2qwijlDFuPiPb
6,SAME_POSITION,3314.0,3eekarcy7kvN4yt5ZFzltW
7,SAME_POSITION,2820.0,7aiClxsDWFRQ0Kzk5KI5ku
8,MOVE_UP,2753.0,6WrI0LAC5M1Rw2MnX2ZvEg
9,MOVE_UP,2602.0,2tnVG71enUj33Ic2nFN6kZ
10,MOVE_DOWN,2592.0,2b8fOow8UzyDFAE27YhOZM
11,MOVE_UP,2476.0,5aJEh9Oqdz7PRLKTpH25pB
12,MOVE_UP,2451.0,1HfMVBKM75vxSfsQ5VefZ5
13,MOVE_DOWN,2335.0,6piAUJJQFD8oHDUr0b7l7q
14,MOVE_UP,2296.0,1e9oZCCiX42nJl0AcqriVo
15,SAME_POSITION,2193.0,7qEHsqek33rTcFNT9PFqLf
16,MOVE_DOWN,2052.0,2Fxmhks0bxGSBdJ92vM42m
17,SAME_POSITION,1982.0,70eFcWOvlMObDhURTqT4Fv
18,MOVE_UP,1835.0,6b2RcmUt1g9N9mQ3CbjX2Y
19,MOVE_UP,1775.0,50ijEQSR94O6eJgf0GbWuP
20,MOVE_UP,1763.0,2QpGZOhTCHHiKmpSO9FW4h
21,MOVE_UP,1744.0,7CHi4DtfK4heMlQaudCuHK
22,SAME_POSITION,1737.0,6v3KW9xbzN5yKLt9YKDYA2
23,MOVE_UP,1722.0,03T4ttRCiLXST6MZjeMwmR
24,SAME_POSITION,1638.0,1iQDltZqI7BXnHrFy4Qo1k
25,MOVE_DOWN,1549.0,3bY8hZbtWQpCOGHi1IZvz5
26,MOVE_UP,1501.0,7LzouaWGFCy4tkXDOOnEyM
27,MOVE_UP,1499.0,2W4yABdLc4Jnds67Poi5Nl
28,MOVE_UP,1477.0,4yI3HpbSFSgFZtJP2kDe5m
29,MOVE_UP,1474.0,1VJwtWR6z7SpZRwipI12be
30,MOVE_DOWN,1446.0,51Fjme0JiitpyXKuyQiCDo
31,MOVE_UP,1430.0,07Oz5StQ7GRoygNLaXs2pd
32,MOVE_DOWN,1429.0,1lOe9qE0vR9zwWQAOk6CoO
33,SAME_POSITION,1414.0,6kls8cSlUyHW2BUOkDJIZE
34,MOVE_UP,1404.0,3cphb8kdsjElYR7r5icK3H
35,MOVE_DOWN,1387.0,0q3QoeqUKLIiHz7d43nvGb
36,MOVE_UP,1386.0,07s9NNOT0sZQp7TyolLLgu
37,MOVE_DOWN,1381.0,24Yi9hE78yPEbZ4kxyoXAI
38,MOVE_UP,1344.0,4vUmTMuQqjdnvlZmAH61Qk
39,MOVE_UP,1334.0,15epnOVXX9PRB7A6z3YtZV
40,MOVE_DOWN,1332.0,5rwsJbBNa8SfPW4oFA1GjP
41,MOVE_DOWN,1330.0,1tNJrcVe6gwLEiZCtprs1u
42,MOVE_UP,1321.0,0hVXuCcriWRGvwMV1r5Yn9
43,MOVE_UP,1311.0,4etKC4ngPKsQDHUMnYgV3A
44,MOVE_UP,1291.0,6cy3ki60hLwimwIje7tALf
45,MOVE_DOWN,1265.0,4sjiIpEv617LDXaidKioOI
46,MOVE_UP,1248.0,2gMXnyrvIjhVBUZwvLZDMP
47,MOVE_DOWN,1244.0,0bYg9bo50gSsH3LtXe2SQn
48,MOVE_UP,1224.0,43zdsphuZLzwA9k4DJhU0I
49,MOVE_UP,1222.0,26wLOs3ZuHJa2Ihhx6QIE6
50,SAME_POSITION,1210.0,1tjM9dP8GWkYl4orF7yLWD
51,MOVE_DOWN,1205.0,0u2P5u6lvoDfwTYjAADbn4
52,NEW_ENTRY,1194.0,7CZyCXKG6d5ALeq41sLzbw
53,MOVE_UP,1176.0,6V9fHiv84WlVTg7CSnIVY2
54,MOVE_DOWN,1166.0,6Gg1gjgKi2AK4e0qzsR7sd
55,MOVE_DOWN,1156.0,1DFD5Fotzgn6yYXkYsKiGs
56,MOVE_DOWN,1132.0,30bqVoKjX479ab90a8Pafp
57,NEW_ENTRY,1131.0,1mpD5Q8IM32I4bF6eCpU74
58,NEW_ENTRY,1127.0,56AMYGJzxBO6p8v0wEe9de
59,NEW_ENTRY,1122.0,5kz9d0Cxx7RK8PjRLlWnAt
60,NEW_ENTRY,1108.0,3GRSqlALWISqLeNncZMbpX
61,NEW_ENTRY,1105.0,0mjAU3yKR1QnXnHtjGJqTM
62,NEW_ENTRY,1094.0,0RiRZpuVRbi7oqRdSMwhQY
63,NEW_ENTRY,1093.0,3i9UVldZOE0aD0JnyfAZZ0
64,NEW_ENTRY,1078.0,6Dh32tS5znKbryJdHXSRrC
65,NEW_ENTRY,1068.0,6Ozh9Ok6h4Oi1wUSLtBseN
66,NEW_ENTRY,1023.0,6vBdBCoOhKHiYDDOcorfNo
67,NEW_ENTRY,1023.0,7ycWLEP1GsNjVvcjawXz3z
68,NEW_ENTRY,1007.0,63VyEdzMM3w4ZQ1WtARa2S
1,SAME_POSITION,4701.0,3ZCTVFBt2Brf31RLEnCkWJ
2,MOVE_UP,4369.0,4TnjEaWOeW0eKTKIEvJyCa
3,MOVE_DOWN,4180.0,1rgnBhdG2JDFTbYkYRZAku
4,SAME_POSITION,3818.0,696DnlkuDOXcMAnKlTgXXK
5,MOVE_UP,3334.0,3eekarcy7kvN4yt5ZFzltW
6,MOVE_DOWN,3305.0,21jGcNKet2qwijlDFuPiPb
7,MOVE_UP,2836.0,6WrI0LAC5M1Rw2MnX2ZvEg
8,MOVE_UP,2802.0,2b8fOow8UzyDFAE27YhOZM
9,MOVE_DOWN,2774.0,7aiClxsDWFRQ0Kzk5KI5ku
10,MOVE_DOWN,2590.0,2tnVG71enUj33Ic2nFN6kZ
11,MOVE_UP,2532.0,1HfMVBKM75vxSfsQ5VefZ5
12,MOVE_UP,2322.0,2Fxmhks0bxGSBdJ92vM42m
13,SAME_POSITION,2287.0,6piAUJJQFD8oHDUr0b7l7q
14,MOVE_DOWN,2249.0,5aJEh9Oqdz7PRLKTpH25pB
15,MOVE_DOWN,2181.0,1e9oZCCiX42nJl0AcqriVo
16,MOVE_DOWN,2148.0,7qEHsqek33rTcFNT9PFqLf
17,SAME_POSITION,2010.0,70eFcWOvlMObDhURTqT4Fv
18,SAME_POSITION,1866.0,6b2RcmUt1g9N9mQ3CbjX2Y
19,MOVE_UP,1853.0,7CHi4DtfK4heMlQaudCuHK
20,MOVE_UP,1759.0,6v3KW9xbzN5yKLt9YKDYA2
21,MOVE_UP,1745.0,03T4ttRCiLXST6MZjeMwmR
22,MOVE_UP,1724.0,1iQDltZqI7BXnHrFy4Qo1k
23,MOVE_DOWN,1654.0,2QpGZOhTCHHiKmpSO9FW4h
24,MOVE_DOWN,1619.0,50ijEQSR94O6eJgf0GbWuP
25,MOVE_UP,1541.0,7LzouaWGFCy4tkXDOOnEyM
26,MOVE_UP,1507.0,07Oz5StQ7GRoygNLaXs2pd
27,MOVE_DOWN,1496.0,3bY8hZbtWQpCOGHi1IZvz5
28,MOVE_UP,1485.0,51Fjme0JiitpyXKuyQiCDo
29,MOVE_UP,1485.0,3cphb8kdsjElYR7r5icK3H
30,MOVE_DOWN,1480.0,4yI3HpbSFSgFZtJP2kDe5m
31,MOVE_DOWN,1478.0,2W4yABdLc4Jnds67Poi5Nl
32,SAME_POSITION,1477.0,1lOe9qE0vR9zwWQAOk6CoO
33,MOVE_DOWN,1452.0,1VJwtWR6z7SpZRwipI12be
34,MOVE_UP,1450.0,4etKC4ngPKsQDHUMnYgV3A
35,MOVE_UP,1436.0,24Yi9hE78yPEbZ4kxyoXAI
36,MOVE_UP,1426.0,1tNJrcVe6gwLEiZCtprs1u
37,MOVE_UP,1426.0,43zdsphuZLzwA9k4DJhU0I
38,MOVE_UP,1424.0,5rwsJbBNa8SfPW4oFA1GjP
39,MOVE_DOWN,1399.0,07s9NNOT0sZQp7TyolLLgu
40,MOVE_UP,1383.0,2gMXnyrvIjhVBUZwvLZDMP
41,MOVE_DOWN,1369.0,4vUmTMuQqjdnvlZmAH61Qk
42,SAME_POSITION,1368.0,0hVXuCcriWRGvwMV1r5Yn9
43,MOVE_DOWN,1351.0,6kls8cSlUyHW2BUOkDJIZE
44,SAME_POSITION,1334.0,6cy3ki60hLwimwIje7tALf
45,MOVE_DOWN,1330.0,0q3QoeqUKLIiHz7d43nvGb
46,MOVE_UP,1322.0,1tjM9dP8GWkYl4orF7yLWD
47,SAME_POSITION,1314.0,0bYg9bo50gSsH3LtXe2SQn
48,MOVE_UP,1299.0,6Gg1gjgKi2AK4e0qzsR7sd
49,MOVE_UP,1297.0,0u2P5u6lvoDfwTYjAADbn4
50,MOVE_UP,1297.0,7CZyCXKG6d5ALeq41sLzbw
51,MOVE_UP,1230.0,6V9fHiv84WlVTg7CSnIVY2
52,MOVE_DOWN,1228.0,26wLOs3ZuHJa2Ihhx6QIE6
53,MOVE_DOWN,1214.0,15epnOVXX9PRB7A6z3YtZV
54,MOVE_DOWN,1195.0,4sjiIpEv617LDXaidKioOI
55,MOVE_UP,1194.0,6Ozh9Ok6h4Oi1wUSLtBseN
56,MOVE_UP,1191.0,1mpD5Q8IM32I4bF6eCpU74
57,MOVE_UP,1145.0,56AMYGJzxBO6p8v0wEe9de
58,MOVE_UP,1144.0,0mjAU3yKR1QnXnHtjGJqTM
59,MOVE_UP,1134.0,3i9UVldZOE0aD0JnyfAZZ0
60,MOVE_DOWN,1131.0,30bqVoKjX479ab90a8Pafp
61,MOVE_DOWN,1121.0,3GRSqlALWISqLeNncZMbpX
62,MOVE_DOWN,1091.0,5kz9d0Cxx7RK8PjRLlWnAt
63,MOVE_DOWN,1091.0,0RiRZpuVRbi7oqRdSMwhQY
64,NEW_ENTRY,1081.0,0r5Nq9NExhHRcApKfFUBzk
65,MOVE_DOWN,1080.0,1DFD5Fotzgn6yYXkYsKiGs
66,NEW_ENTRY,1074.0,2qxmye6gAegTMjLKEBoR3d
67,NEW_ENTRY,1065.0,7MSS9mAqAHHkUCa7HL0RbA
68,NEW_ENTRY,1049.0,2FRnf9qhLbvw8fu4IBXx78
69,NEW_ENTRY,1027.0,7mEgb8sSsqPlCsz8RqSZ2v
70,MOVE_DOWN,1021.0,6vBdBCoOhKHiYDDOcorfNo
71,NEW_ENTRY,1016.0,2wrJq5XKLnmhRXHIAf9xBa
72,MOVE_DOWN,1013.0,6Dh32tS5znKbryJdHXSRrC
73,NEW_ENTRY,1006.0,53ORJG1CfDX0xo8qyhup6Q
1,NEW_ENTRY,5120.0,57vxBYXtHMk6H1aD29V7PU
2,MOVE_DOWN,4689.0,3ZCTVFBt2Brf31RLEnCkWJ
3,MOVE_DOWN,4422.0,4TnjEaWOeW0eKTKIEvJyCa
4,MOVE_DOWN,4063.0,1rgnBhdG2JDFTbYkYRZAku
5,MOVE_DOWN,3809.0,696DnlkuDOXcMAnKlTgXXK
6,MOVE_DOWN,3370.0,3eekarcy7kvN4yt5ZFzltW
7,MOVE_DOWN,3125.0,21jGcNKet2qwijlDFuPiPb
8,MOVE_UP,2821.0,7aiClxsDWFRQ0Kzk5KI5ku
9,MOVE_DOWN,2762.0,6WrI0LAC5M1Rw2MnX2ZvEg
10,MOVE_DOWN,2658.0,2b8fOow8UzyDFAE27YhOZM
11,MOVE_DOWN,2608.0,2tnVG71enUj33Ic2nFN6kZ
12,MOVE_DOWN,2484.0,1HfMVBKM75vxSfsQ5VefZ5
13,SAME_POSITION,2408.0,6piAUJJQFD8oHDUr0b7l7q
14,MOVE_DOWN,2300.0,2Fxmhks0bxGSBdJ92vM42m
15,MOVE_DOWN,2228.0,5aJEh9Oqdz7PRLKTpH25pB
16,MOVE_DOWN,2103.0,1e9oZCCiX42nJl0AcqriVo
17,MOVE_DOWN,2064.0,7qEHsqek33rTcFNT9PFqLf
18,MOVE_DOWN,1941.0,70eFcWOvlMObDhURTqT4Fv
19,MOVE_DOWN,1804.0,6b2RcmUt1g9N9mQ3CbjX2Y
20,SAME_POSITION,1759.0,6v3KW9xbzN5yKLt9YKDYA2
21,MOVE_DOWN,1746.0,7CHi4DtfK4heMlQaudCuHK
22,MOVE_UP,1682.0,50ijEQSR94O6eJgf0GbWuP
23,SAME_POSITION,1606.0,2QpGZOhTCHHiKmpSO9FW4h
24,MOVE_DOWN,1584.0,1iQDltZqI7BXnHrFy4Qo1k
25,SAME_POSITION,1568.0,7LzouaWGFCy4tkXDOOnEyM
26,MOVE_DOWN,1567.0,03T4ttRCiLXST6MZjeMwmR
27,MOVE_UP,1517.0,51Fjme0JiitpyXKuyQiCDo
28,MOVE_UP,1514.0,1lOe9qE0vR9zwWQAOk6CoO
29,MOVE_UP,1510.0,4yI3HpbSFSgFZtJP2kDe5m
30,MOVE_UP,1467.0,5rwsJbBNa8SfPW4oFA1GjP
31,MOVE_DOWN,1442.0,07Oz5StQ7GRoygNLaXs2pd
32,MOVE_DOWN,1420.0,2W4yABdLc4Jnds67Poi5Nl
33,MOVE_UP,1414.0,1tjM9dP8GWkYl4orF7yLWD
34,MOVE_UP,1407.0,0bYg9bo50gSsH3LtXe2SQn
35,MOVE_UP,1398.0,0q3QoeqUKLIiHz7d43nvGb
36,MOVE_UP,1393.0,43zdsphuZLzwA9k4DJhU0I
37,MOVE_DOWN,1393.0,1VJwtWR6z7SpZRwipI12be
38,MOVE_DOWN,1390.0,3cphb8kdsjElYR7r5icK3H
39,MOVE_DOWN,1390.0,3bY8hZbtWQpCOGHi1IZvz5
40,MOVE_UP,1385.0,6kls8cSlUyHW2BUOkDJIZE
41,MOVE_DOWN,1371.0,07s9NNOT0sZQp7TyolLLgu
42,MOVE_DOWN,1365.0,24Yi9hE78yPEbZ4kxyoXAI
43,MOVE_DOWN,1359.0,4etKC4ngPKsQDHUMnYgV3A
44,MOVE_DOWN,1343.0,2gMXnyrvIjhVBUZwvLZDMP
45,MOVE_UP,1340.0,0u2P5u6lvoDfwTYjAADbn4
46,MOVE_DOWN,1336.0,1tNJrcVe6gwLEiZCtprs1u
47,MOVE_DOWN,1328.0,0hVXuCcriWRGvwMV1r5Yn9
48,MOVE_DOWN,1323.0,4vUmTMuQqjdnvlZmAH61Qk
49,MOVE_UP,1264.0,7CZyCXKG6d5ALeq41sLzbw
50,MOVE_DOWN,1242.0,6cy3ki60hLwimwIje7tALf
51,MOVE_DOWN,1234.0,6Gg1gjgKi2AK4e0qzsR7sd
52,SAME_POSITION,1209.0,26wLOs3ZuHJa2Ihhx6QIE6
53,MOVE_DOWN,1207.0,6V9fHiv84WlVTg7CSnIVY2
54,SAME_POSITION,1198.0,4sjiIpEv617LDXaidKioOI
55,MOVE_DOWN,1159.0,15epnOVXX9PRB7A6z3YtZV
56,MOVE_DOWN,1158.0,6Ozh9Ok6h4Oi1wUSLtBseN
57,MOVE_UP,1152.0,5kz9d0Cxx7RK8PjRLlWnAt
58,MOVE_UP,1130.0,30bqVoKjX479ab90a8Pafp
59,MOVE_UP,1130.0,1DFD5Fotzgn6yYXkYsKiGs
60,MOVE_UP,1103.0,0RiRZpuVRbi7oqRdSMwhQY
61,MOVE_DOWN,1095.0,1mpD5Q8IM32I4bF6eCpU74
62,MOVE_DOWN,1085.0,3GRSqlALWISqLeNncZMbpX
63,MOVE_UP,1079.0,2FRnf9qhLbvw8fu4IBXx78
64,MOVE_DOWN,1067.0,3i9UVldZOE0aD0JnyfAZZ0
65,MOVE_UP,1057.0,6Dh32tS5znKbryJdHXSRrC
66,MOVE_UP,1056.0,7MSS9mAqAHHkUCa7HL0RbA
67,MOVE_UP,1052.0,6vBdBCoOhKHiYDDOcorfNo
68,NEW_ENTRY,1049.0,63VyEdzMM3w4ZQ1WtARa2S
69,NEW_ENTRY,1048.0,6gBFPUFcJLzWGx4lenP6h2
70,NEW_ENTRY,1036.0,35poFvLMiXHPZsItZ0HiHZ
71,MOVE_DOWN,1034.0,2qxmye6gAegTMjLKEBoR3d
72,NEW_ENTRY,1029.0,4wopYJ5wpYOM6ogm2Jugnw
73,MOVE_DOWN,1008.0,0mjAU3yKR1QnXnHtjGJqTM
74,MOVE_DOWN,1004.0,53ORJG1CfDX0xo8qyhup6Q
1,MOVE_UP,4625.0,3ZCTVFBt2Brf31RLEnCkWJ
2,MOVE_UP,4510.0,4TnjEaWOeW0eKTKIEvJyCa
3,MOVE_UP,4220.0,1rgnBhdG2JDFTbYkYRZAku
4,MOVE_UP,3898.0,696DnlkuDOXcMAnKlTgXXK
5,MOVE_DOWN,3840.0,57vxBYXtHMk6H1aD29V7PU
6,SAME_POSITION,3385.0,3eekarcy7kvN4yt5ZFzltW
7,SAME_POSITION,3262.0,21jGcNKet2qwijlDFuPiPb
8,MOVE_UP,2798.0,6WrI0LAC5M1Rw2MnX2ZvEg
9,MOVE_DOWN,2754.0,7aiClxsDWFRQ0Kzk5KI5ku
10,SAME_POSITION,2735.0,2b8fOow8UzyDFAE27YhOZM
11,SAME_POSITION,2666.0,2tnVG71enUj33Ic2nFN6kZ
12,SAME_POSITION,2425.0,1HfMVBKM75vxSfsQ5VefZ5
13,MOVE_UP,2358.0,2Fxmhks0bxGSBdJ92vM42m
14,MOVE_DOWN,2325.0,6piAUJJQFD8oHDUr0b7l7q
15,SAME_POSITION,2197.0,5aJEh9Oqdz7PRLKTpH25pB
16,MOVE_UP,2168.0,7qEHsqek33rTcFNT9PFqLf
17,MOVE_UP,1991.0,70eFcWOvlMObDhURTqT4Fv
18,MOVE_DOWN,1979.0,1e9oZCCiX42nJl0AcqriVo
19,SAME_POSITION,1897.0,6b2RcmUt1g9N9mQ3CbjX2Y
20,MOVE_UP,1785.0,7CHi4DtfK4heMlQaudCuHK
21,MOVE_DOWN,1731.0,6v3KW9xbzN5yKLt9YKDYA2
22,SAME_POSITION,1704.0,50ijEQSR94O6eJgf0GbWuP
23,MOVE_UP,1657.0,1iQDltZqI7BXnHrFy4Qo1k
24,MOVE_DOWN,1621.0,2QpGZOhTCHHiKmpSO9FW4h
25,MOVE_UP,1600.0,51Fjme0JiitpyXKuyQiCDo
26,MOVE_UP,1570.0,1lOe9qE0vR9zwWQAOk6CoO
27,MOVE_UP,1542.0,4etKC4ngPKsQDHUMnYgV3A
28,MOVE_UP,1518.0,1tjM9dP8GWkYl4orF7yLWD
29,MOVE_DOWN,1503.0,03T4ttRCiLXST6MZjeMwmR
30,MOVE_UP,1489.0,3bY8hZbtWQpCOGHi1IZvz5
31,MOVE_UP,1481.0,2W4yABdLc4Jnds67Poi5Nl
32,MOVE_DOWN,1477.0,5rwsJbBNa8SfPW4oFA1GjP
33,MOVE_UP,1477.0,1VJwtWR6z7SpZRwipI12be
34,MOVE_DOWN,1474.0,7LzouaWGFCy4tkXDOOnEyM
35,MOVE_DOWN,1452.0,0bYg9bo50gSsH3LtXe2SQn
36,MOVE_DOWN,1445.0,4yI3HpbSFSgFZtJP2kDe5m
37,MOVE_DOWN,1438.0,07Oz5StQ7GRoygNLaXs2pd
38,MOVE_UP,1425.0,24Yi9hE78yPEbZ4kxyoXAI
39,MOVE_DOWN,1424.0,0q3QoeqUKLIiHz7d43nvGb
40,MOVE_DOWN,1407.0,43zdsphuZLzwA9k4DJhU0I
41,MOVE_UP,1392.0,0u2P5u6lvoDfwTYjAADbn4
42,MOVE_UP,1367.0,4vUmTMuQqjdnvlZmAH61Qk
43,MOVE_UP,1363.0,2gMXnyrvIjhVBUZwvLZDMP
44,MOVE_DOWN,1355.0,6kls8cSlUyHW2BUOkDJIZE
45,MOVE_DOWN,1339.0,3cphb8kdsjElYR7r5icK3H
46,MOVE_UP,1334.0,6Gg1gjgKi2AK4e0qzsR7sd
47,MOVE_DOWN,1324.0,1tNJrcVe6gwLEiZCtprs1u
48,MOVE_DOWN,1309.0,07s9NNOT0sZQp7TyolLLgu
49,MOVE_DOWN,1299.0,0hVXuCcriWRGvwMV1r5Yn9
50,MOVE_DOWN,1297.0,7CZyCXKG6d5ALeq41sLzbw
51,NEW_ENTRY,1251.0,7mEgb8sSsqPlCsz8RqSZ2v
52,MOVE_UP,1246.0,6Ozh9Ok6h4Oi1wUSLtBseN
53,MOVE_DOWN,1242.0,6cy3ki60hLwimwIje7tALf
54,MOVE_UP,1181.0,2FRnf9qhLbvw8fu4IBXx78
55,MOVE_DOWN,1172.0,4sjiIpEv617LDXaidKioOI
56,MOVE_UP,1163.0,6Dh32tS5znKbryJdHXSRrC
57,MOVE_DOWN,1159.0,15epnOVXX9PRB7A6z3YtZV
58,MOVE_DOWN,1153.0,5kz9d0Cxx7RK8PjRLlWnAt
59,MOVE_DOWN,1148.0,26wLOs3ZuHJa2Ihhx6QIE6
60,MOVE_DOWN,1136.0,6V9fHiv84WlVTg7CSnIVY2
61,MOVE_UP,1124.0,6vBdBCoOhKHiYDDOcorfNo
62,MOVE_DOWN,1123.0,0RiRZpuVRbi7oqRdSMwhQY
63,MOVE_UP,1114.0,7MSS9mAqAHHkUCa7HL0RbA
64,MOVE_DOWN,1080.0,30bqVoKjX479ab90a8Pafp
65,MOVE_UP,1077.0,0mjAU3yKR1QnXnHtjGJqTM
66,MOVE_DOWN,1076.0,3GRSqlALWISqLeNncZMbpX
67,MOVE_DOWN,1072.0,1mpD5Q8IM32I4bF6eCpU74
68,MOVE_DOWN,1069.0,1DFD5Fotzgn6yYXkYsKiGs
69,SAME_POSITION,1045.0,6gBFPUFcJLzWGx4lenP6h2
70,MOVE_DOWN,1042.0,3i9UVldZOE0aD0JnyfAZZ0
71,SAME_POSITION,1034.0,2qxmye6gAegTMjLKEBoR3d
72,MOVE_DOWN,1034.0,35poFvLMiXHPZsItZ0HiHZ
73,NEW_ENTRY,1024.0,6CcJMwBtXByIz4zQLzFkKc
74,NEW_ENTRY,1017.0,2xLMifQCjDGFmkHkpNLD9h
1,MOVE_UP,4858.0,4TnjEaWOeW0eKTKIEvJyCa
2,MOVE_DOWN,4570.0,3ZCTVFBt2Brf31RLEnCkWJ
3,SAME_POSITION,4508.0,1rgnBhdG2JDFTbYkYRZAku
4,MOVE_UP,4403.0,57vxBYXtHMk6H1aD29V7PU
5,MOVE_DOWN,4051.0,696DnlkuDOXcMAnKlTgXXK
6,SAME_POSITION,3734.0,3eekarcy7kvN4yt5ZFzltW
7,SAME_POSITION,3461.0,21jGcNKet2qwijlDFuPiPb
8,NEW_ENTRY,3188.0,0sf12qNH5qcw8qpgymFOqD
9,SAME_POSITION,2968.0,7aiClxsDWFRQ0Kzk5KI5ku
10,MOVE_UP,2964.0,2tnVG71enUj33Ic2nFN6kZ
11,MOVE_DOWN,2964.0,6WrI0LAC5M1Rw2MnX2ZvEg
12,MOVE_DOWN,2686.0,2b8fOow8UzyDFAE27YhOZM
13,MOVE_UP,2600.0,6piAUJJQFD8oHDUr0b7l7q
14,MOVE_DOWN,2564.0,1HfMVBKM75vxSfsQ5VefZ5
15,MOVE_DOWN,2471.0,2Fxmhks0bxGSBdJ92vM42m
16,MOVE_DOWN,2327.0,5aJEh9Oqdz7PRLKTpH25pB
17,MOVE_DOWN,2231.0,7qEHsqek33rTcFNT9PFqLf
18,MOVE_DOWN,2065.0,70eFcWOvlMObDhURTqT4Fv
19,MOVE_UP,1964.0,7CHi4DtfK4heMlQaudCuHK
20,MOVE_DOWN,1951.0,6b2RcmUt1g9N9mQ3CbjX2Y
21,SAME_POSITION,1868.0,6v3KW9xbzN5yKLt9YKDYA2
22,MOVE_DOWN,1850.0,1e9oZCCiX42nJl0AcqriVo
23,MOVE_DOWN,1803.0,50ijEQSR94O6eJgf0GbWuP
24,MOVE_UP,1771.0,51Fjme0JiitpyXKuyQiCDo
25,MOVE_UP,1718.0,1lOe9qE0vR9zwWQAOk6CoO
26,MOVE_DOWN,1705.0,2QpGZOhTCHHiKmpSO9FW4h
27,MOVE_DOWN,1673.0,1iQDltZqI7BXnHrFy4Qo1k
28,MOVE_UP,1658.0,3bY8hZbtWQpCOGHi1IZvz5
29,MOVE_UP,1638.0,0q3QoeqUKLIiHz7d43nvGb
30,MOVE_UP,1630.0,0bYg9bo50gSsH3LtXe2SQn
31,MOVE_DOWN,1608.0,1tjM9dP8GWkYl4orF7yLWD
32,MOVE_DOWN,1605.0,4etKC4ngPKsQDHUMnYgV3A
33,MOVE_DOWN,1604.0,03T4ttRCiLXST6MZjeMwmR
34,MOVE_UP,1595.0,24Yi9hE78yPEbZ4kxyoXAI
35,MOVE_DOWN,1562.0,1VJwtWR6z7SpZRwipI12be
36,MOVE_DOWN,1557.0,7LzouaWGFCy4tkXDOOnEyM
37,MOVE_UP,1536.0,4vUmTMuQqjdnvlZmAH61Qk
38,MOVE_DOWN,1525.0,5rwsJbBNa8SfPW4oFA1GjP
39,MOVE_DOWN,1516.0,2W4yABdLc4Jnds67Poi5Nl
40,MOVE_DOWN,1511.0,4yI3HpbSFSgFZtJP2kDe5m
41,MOVE_UP,1494.0,3cphb8kdsjElYR7r5icK3H
42,MOVE_DOWN,1481.0,07Oz5StQ7GRoygNLaXs2pd
43,MOVE_UP,1431.0,7mEgb8sSsqPlCsz8RqSZ2v
44,MOVE_UP,1407.0,7CZyCXKG6d5ALeq41sLzbw
45,MOVE_UP,1402.0,1tNJrcVe6gwLEiZCtprs1u
46,MOVE_DOWN,1377.0,43zdsphuZLzwA9k4DJhU0I
47,MOVE_DOWN,1365.0,6kls8cSlUyHW2BUOkDJIZE
48,MOVE_DOWN,1358.0,0u2P5u6lvoDfwTYjAADbn4
49,NEW_ENTRY,1357.0,5bvnqVuq7UFl0txSlHpsfS
50,MOVE_UP,1357.0,6cy3ki60hLwimwIje7tALf
51,MOVE_DOWN,1347.0,6Gg1gjgKi2AK4e0qzsR7sd
52,SAME_POSITION,1345.0,6Ozh9Ok6h4Oi1wUSLtBseN
53,MOVE_DOWN,1345.0,2gMXnyrvIjhVBUZwvLZDMP
54,MOVE_DOWN,1311.0,0hVXuCcriWRGvwMV1r5Yn9
55,MOVE_UP,1303.0,1DFD5Fotzgn6yYXkYsKiGs
56,MOVE_DOWN,1279.0,2FRnf9qhLbvw8fu4IBXx78
57,MOVE_DOWN,1278.0,4sjiIpEv617LDXaidKioOI
58,MOVE_DOWN,1276.0,6Dh32tS5znKbryJdHXSRrC
59,MOVE_DOWN,1252.0,15epnOVXX9PRB7A6z3YtZV
60,MOVE_UP,1209.0,7MSS9mAqAHHkUCa7HL0RbA
61,MOVE_UP,1201.0,1mpD5Q8IM32I4bF6eCpU74
62,MOVE_DOWN,1195.0,6V9fHiv84WlVTg7CSnIVY2
63,MOVE_DOWN,1185.0,0RiRZpuVRbi7oqRdSMwhQY
64,MOVE_UP,1147.0,3GRSqlALWISqLeNncZMbpX
65,MOVE_UP,1146.0,3i9UVldZOE0aD0JnyfAZZ0
66,MOVE_DOWN,1143.0,5kz9d0Cxx7RK8PjRLlWnAt
67,MOVE_DOWN,1134.0,30bqVoKjX479ab90a8Pafp
68,MOVE_DOWN,1108.0,6vBdBCoOhKHiYDDOcorfNo
69,NEW_ENTRY,1096.0,7ycWLEP1GsNjVvcjawXz3z
70,NEW_ENTRY,1091.0,2EjXfH91m7f8HiJN1yQg97
71,MOVE_DOWN,1082.0,6gBFPUFcJLzWGx4lenP6h2
72,MOVE_DOWN,1073.0,07s9NNOT0sZQp7TyolLLgu
73,MOVE_UP,1070.0,2xLMifQCjDGFmkHkpNLD9h
74,MOVE_DOWN,1059.0,0mjAU3yKR1QnXnHtjGJqTM
75,NEW_ENTRY,1057.0,56AMYGJzxBO6p8v0wEe9de
76,MOVE_DOWN,1054.0,2qxmye6gAegTMjLKEBoR3d
77,NEW_ENTRY,1049.0,5hslUAKq9I9CG2bAulFkHN
78,NEW_ENTRY,1048.0,0e7ipj03S05BNilyu5bRzt
79,NEW_ENTRY,1038.0,3hBXvHLlTHvnbwrPbeoyAj
80,NEW_ENTRY,1034.0,2gUJfXmgVvnzGFk7J6dZch
81,MOVE_DOWN,1031.0,35poFvLMiXHPZsItZ0HiHZ
82,NEW_ENTRY,1030.0,3VyjsVV24RmBIbWJAeUJNu
83,NEW_ENTRY,1024.0,792c14LiectozZczjylkfW
84,NEW_ENTRY,1008.0,53ORJG1CfDX0xo8qyhup6Q
85,NEW_ENTRY,1001.0,1000nHvUdawXuUHgBod4Wv
1,SAME_POSITION,4504.0,4TnjEaWOeW0eKTKIEvJyCa
2,MOVE_UP,4275.0,1rgnBhdG2JDFTbYkYRZAku
3,MOVE_UP,4012.0,696DnlkuDOXcMAnKlTgXXK
4,MOVE_DOWN,3954.0,3ZCTVFBt2Brf31RLEnCkWJ
5,MOVE_DOWN,3489.0,57vxBYXtHMk6H1aD29V7PU
6,SAME_POSITION,3142.0,3eekarcy7kvN4yt5ZFzltW
7,SAME_POSITION,3106.0,21jGcNKet2qwijlDFuPiPb
8,SAME_POSITION,2875.0,0sf12qNH5qcw8qpgymFOqD
9,SAME_POSITION,2825.0,7aiClxsDWFRQ0Kzk5KI5ku
10,MOVE_UP,2785.0,0bYg9bo50gSsH3LtXe2SQn
11,SAME_POSITION,2622.0,6WrI0LAC5M1Rw2MnX2ZvEg
12,MOVE_DOWN,2587.0,2tnVG71enUj33Ic2nFN6kZ
13,MOVE_DOWN,2423.0,2b8fOow8UzyDFAE27YhOZM
14,MOVE_DOWN,2383.0,6piAUJJQFD8oHDUr0b7l7q
15,SAME_POSITION,2331.0,2Fxmhks0bxGSBdJ92vM42m
16,MOVE_DOWN,2242.0,1HfMVBKM75vxSfsQ5VefZ5
17,MOVE_UP,2194.0,2FRnf9qhLbvw8fu4IBXx78
18,MOVE_UP,2080.0,2EjXfH91m7f8HiJN1yQg97
19,MOVE_DOWN,2000.0,5aJEh9Oqdz7PRLKTpH25pB
20,MOVE_UP,1969.0,5hslUAKq9I9CG2bAulFkHN
21,MOVE_DOWN,1961.0,7qEHsqek33rTcFNT9PFqLf
22,MOVE_UP,1862.0,3hBXvHLlTHvnbwrPbeoyAj
23,MOVE_DOWN,1819.0,70eFcWOvlMObDhURTqT4Fv
24,MOVE_DOWN,1777.0,7CHi4DtfK4heMlQaudCuHK
25,SAME_POSITION,1731.0,1lOe9qE0vR9zwWQAOk6CoO
26,MOVE_DOWN,1707.0,6b2RcmUt1g9N9mQ3CbjX2Y
27,NEW_ENTRY,1701.0,0lizgQ7Qw35od7CYaoMBZb
28,MOVE_DOWN,1685.0,6v3KW9xbzN5yKLt9YKDYA2
29,NEW_ENTRY,1683.0,4kKdvXD0ez7jp1296JmAts
30,MOVE_DOWN,1645.0,51Fjme0JiitpyXKuyQiCDo
31,MOVE_DOWN,1609.0,0q3QoeqUKLIiHz7d43nvGb
32,MOVE_DOWN,1603.0,1e9oZCCiX42nJl0AcqriVo
33,MOVE_DOWN,1573.0,3bY8hZbtWQpCOGHi1IZvz5
34,NEW_ENTRY,1557.0,0lLdorYw7lVrJydTINhWdI
35,MOVE_DOWN,1544.0,50ijEQSR94O6eJgf0GbWuP
36,MOVE_DOWN,1495.0,2QpGZOhTCHHiKmpSO9FW4h
37,MOVE_DOWN,1472.0,1iQDltZqI7BXnHrFy4Qo1k
38,MOVE_DOWN,1450.0,24Yi9hE78yPEbZ4kxyoXAI
39,MOVE_DOWN,1421.0,5rwsJbBNa8SfPW4oFA1GjP
40,MOVE_DOWN,1409.0,1VJwtWR6z7SpZRwipI12be
41,MOVE_DOWN,1363.0,2W4yABdLc4Jnds67Poi5Nl
42,MOVE_DOWN,1360.0,7LzouaWGFCy4tkXDOOnEyM
43,MOVE_UP,1358.0,1tNJrcVe6gwLEiZCtprs1u
44,MOVE_DOWN,1350.0,03T4ttRCiLXST6MZjeMwmR
45,MOVE_DOWN,1340.0,4yI3HpbSFSgFZtJP2kDe5m
46,SAME_POSITION,1339.0,43zdsphuZLzwA9k4DJhU0I
47,MOVE_DOWN,1337.0,1tjM9dP8GWkYl4orF7yLWD
48,MOVE_DOWN,1335.0,7mEgb8sSsqPlCsz8RqSZ2v
49,MOVE_DOWN,1318.0,4etKC4ngPKsQDHUMnYgV3A
50,MOVE_DOWN,1313.0,6kls8cSlUyHW2BUOkDJIZE
51,MOVE_DOWN,1303.0,4vUmTMuQqjdnvlZmAH61Qk
52,MOVE_DOWN,1290.0,07Oz5StQ7GRoygNLaXs2pd
53,MOVE_DOWN,1279.0,0u2P5u6lvoDfwTYjAADbn4
54,MOVE_UP,1251.0,4sjiIpEv617LDXaidKioOI
55,NEW_ENTRY,1235.0,7xapw9Oy21WpfEcib2ErSA
56,NEW_ENTRY,1223.0,0247StOpd3AkeBQzANX4Zf
57,NEW_ENTRY,1219.0,2uFaJJtFpPDc5Pa95XzTvg
58,MOVE_DOWN,1219.0,7CZyCXKG6d5ALeq41sLzbw
59,MOVE_DOWN,1213.0,6Gg1gjgKi2AK4e0qzsR7sd
60,MOVE_DOWN,1211.0,0hVXuCcriWRGvwMV1r5Yn9
61,NEW_ENTRY,1198.0,6tjituizSxwSmBB5vtgHZE
62,MOVE_DOWN,1180.0,6cy3ki60hLwimwIje7tALf
63,MOVE_DOWN,1172.0,3cphb8kdsjElYR7r5icK3H
64,MOVE_DOWN,1150.0,2gMXnyrvIjhVBUZwvLZDMP
65,MOVE_DOWN,1137.0,15epnOVXX9PRB7A6z3YtZV
66,MOVE_DOWN,1136.0,0RiRZpuVRbi7oqRdSMwhQY
67,NEW_ENTRY,1135.0,2pXpURmn6zC5ZYDMms6fwa
68,MOVE_UP,1113.0,3VyjsVV24RmBIbWJAeUJNu
69,MOVE_DOWN,1112.0,6Ozh9Ok6h4Oi1wUSLtBseN
70,MOVE_DOWN,1106.0,1DFD5Fotzgn6yYXkYsKiGs
71,MOVE_DOWN,1082.0,7MSS9mAqAHHkUCa7HL0RbA
72,MOVE_DOWN,1072.0,6Dh32tS5znKbryJdHXSRrC
73,MOVE_DOWN,1063.0,30bqVoKjX479ab90a8Pafp
74,NEW_ENTRY,1051.0,3nAp4IvdMPPWEH9uuXFFV5
75,NEW_ENTRY,1049.0,7taXf5odg9xCAZERYfyOkS
76,MOVE_UP,1044.0,35poFvLMiXHPZsItZ0HiHZ
77,MOVE_DOWN,1032.0,6V9fHiv84WlVTg7CSnIVY2
78,MOVE_UP,1012.0,792c14LiectozZczjylkfW
79,MOVE_UP,1006.0,53ORJG1CfDX0xo8qyhup6Q
