rank,date,region,trend,streams,track_id
1,2018-05-01,Lithuania,SAME_POSITION,4682.0,7ef4DlsgrMEH11cDZd32M6
2,2018-05-01,Lithuania,SAME_POSITION,4535.0,7dt6x5M1jzdTEt8oCbisTK
3,2018-05-01,Lithuania,SAME_POSITION,3548.0,63SevszngYpZOwf63o61K4
4,2018-05-01,Lithuania,MOVE_UP,3240.0,5SxkdsY1ufZzoq9iXceLw9
5,2018-05-01,Lithuania,MOVE_DOWN,2989.0,3swc6WTsr7rl9DqQKQA55C
6,2018-05-01,Lithuania,MOVE_UP,2498.0,1cTZMwcBJT0Ka3UJPXOeeN
7,2018-05-01,Lithuania,MOVE_UP,2403.0,58q2HKrzhC3ozto2nDdN4z
8,2018-05-01,Lithuania,SAME_POSITION,2389.0,3fpVWegR6YOS1Yk5HSMYIq
9,2018-05-01,Lithuania,MOVE_UP,2329.0,2XW4DbS6NddZxRPm5rMCeY
10,2018-05-01,Lithuania,MOVE_UP,2271.0,45Egmo7icyopuzJN0oMEdk
11,2018-05-01,Lithuania,MOVE_DOWN,2269.0,0e7ipj03S05BNilyu5bRzt
12,2018-05-01,Lithuania,MOVE_UP,2203.0,6xTU6B6nFwKKTSZ9ySXS80
13,2018-05-01,Lithuania,MOVE_DOWN,2174.0,08bNPGLD8AhKpnnERrAc6G
14,2018-05-01,Lithuania,MOVE_DOWN,2168.0,1gm616Plq4ScqNi7TVkZ5N
15,2018-05-01,Lithuania,MOVE_UP,1836.0,43cFjTTCD9Cni4aSL0sORz
16,2018-05-01,Lithuania,MOVE_UP,1820.0,1LhMopPAallLeaeNutqbgS
17,2018-05-01,Lithuania,SAME_POSITION,1812.0,5CLGzJsGqhCEECcpnFQA8x
18,2018-05-01,Lithuania,MOVE_DOWN,1795.0,33IOhptvC2Qoy2UhjiHXLV
19,2018-05-01,Lithuania,MOVE_UP,1740.0,6Hgh47WXVKtXN5zGOu0hjI
20,2018-05-01,Lithuania,MOVE_UP,1581.0,7Fg342AJtNsIDdwCfX0paC
21,2018-05-01,Lithuania,MOVE_UP,1570.0,6RnkFd8Fqqgk1Uni8RgqCQ
22,2018-05-01,Lithuania,MOVE_UP,1551.0,2ARqIya5NAuvFVHSN3bL0m
23,2018-05-01,Lithuania,MOVE_UP,1548.0,55S2PQgSMYAhgoTCcGCDfw
24,2018-05-01,Lithuania,MOVE_DOWN,1541.0,7yotKA30dwTKNEGomV9ZsI
25,2018-05-01,Lithuania,MOVE_UP,1489.0,0CZ8lquoTX2Dkg7Ak2inwA
26,2018-05-01,Lithuania,MOVE_DOWN,1476.0,09IOPhEh1OMe0HD9b36FJk
27,2018-05-01,Lithuania,MOVE_UP,1469.0,4H7WNRErSbONkM06blBoGc
28,2018-05-01,Lithuania,MOVE_DOWN,1410.0,3ee8Jmje8o58CHK66QrVC2
29,2018-05-01,Lithuania,MOVE_UP,1409.0,6IaieqiCVvsNvEt6Y7yOFa
30,2018-05-01,Lithuania,MOVE_UP,1373.0,2og9I9rQwr2XdTLJUupfT1
31,2018-05-01,Lithuania,MOVE_DOWN,1364.0,5VuxWXbt7XENQCtE9TzpTv
32,2018-05-01,Lithuania,MOVE_DOWN,1336.0,6n4U3TlzUGhdSFbUUhTvLP
33,2018-05-01,Lithuania,SAME_POSITION,1285.0,3GCdLUSnKSMJhs4Tj6CV3s
34,2018-05-01,Lithuania,MOVE_UP,1280.0,79jX8RM5CgPqDKdGEKNW9K
35,2018-05-01,Lithuania,MOVE_DOWN,1272.0,2Yl4OmDby9iitgNWZPwxkd
36,2018-05-01,Lithuania,MOVE_DOWN,1251.0,688QpQAwqsLdBR6lr13wK1
37,2018-05-01,Lithuania,MOVE_UP,1247.0,5PTG6rrL6EPFD9E2QMI2pl
38,2018-05-01,Lithuania,MOVE_UP,1240.0,6NFyWDv5CjfwuzoCkw47Xf
39,2018-05-01,Lithuania,MOVE_DOWN,1238.0,76cy1WJvNGJTj78UqeA5zr
40,2018-05-01,Lithuania,MOVE_DOWN,1221.0,2VdT56BGpdqNHUgOe1j5vc
41,2018-05-01,Lithuania,MOVE_UP,1199.0,10Igtw8bSDyyFs7KIsKngZ
42,2018-05-01,Lithuania,MOVE_UP,1184.0,6SFStUDQZNaGPKWOx9ZiJB
43,2018-05-01,Lithuania,NEW_ENTRY,1156.0,0u2P5u6lvoDfwTYjAADbn4
44,2018-05-01,Lithuania,MOVE_DOWN,1130.0,6WbADFqMvR8N5u0BvtsWQE
45,2018-05-01,Lithuania,MOVE_UP,1117.0,6mAz8D1TmlTuef90dbNIiZ
46,2018-05-01,Lithuania,MOVE_DOWN,1071.0,6QgjcU0zLnzq5OrUoSZ3OK
47,2018-05-01,Lithuania,MOVE_UP,1050.0,0Y4hwUppbGc8aIBmiTz30A
48,2018-05-01,Lithuania,MOVE_DOWN,1042.0,7uzmGiiJyRfuViKKK3lVmR
49,2018-05-01,Lithuania,MOVE_DOWN,1039.0,4qKcDkK6siZ7Jp1Jb4m0aL
50,2018-05-01,Lithuania,MOVE_DOWN,1001.0,5lZZmityu9TAjNvSY6GLhR
1,2018-05-02,Lithuania,SAME_POSITION,4924.0,7ef4DlsgrMEH11cDZd32M6
2,2018-05-02,Lithuania,SAME_POSITION,4756.0,7dt6x5M1jzdTEt8oCbisTK
3,2018-05-02,Lithuania,SAME_POSITION,3390.0,63SevszngYpZOwf63o61K4
4,2018-05-02,Lithuania,SAME_POSITION,3295.0,5SxkdsY1ufZzoq9iXceLw9
5,2018-05-02,Lithuania,SAME_POSITION,2983.0,3swc6WTsr7rl9DqQKQA55C
6,2018-05-02,Lithuania,SAME_POSITION,2733.0,1cTZMwcBJT0Ka3UJPXOeeN
7,2018-05-02,Lithuania,SAME_POSITION,2498.0,58q2HKrzhC3ozto2nDdN4z
8,2018-05-02,Lithuania,SAME_POSITION,2423.0,3fpVWegR6YOS1Yk5HSMYIq
9,2018-05-02,Lithuania,MOVE_UP,2386.0,1gm616Plq4ScqNi7TVkZ5N
10,2018-05-02,Lithuania,MOVE_UP,2320.0,6xTU6B6nFwKKTSZ9ySXS80
11,2018-05-02,Lithuania,MOVE_DOWN,2296.0,2XW4DbS6NddZxRPm5rMCeY
12,2018-05-02,Lithuania,MOVE_DOWN,2287.0,45Egmo7icyopuzJN0oMEdk
13,2018-05-02,Lithuania,MOVE_DOWN,2280.0,0e7ipj03S05BNilyu5bRzt
14,2018-05-02,Lithuania,MOVE_DOWN,2234.0,08bNPGLD8AhKpnnERrAc6G
15,2018-05-02,Lithuania,MOVE_UP,2009.0,33IOhptvC2Qoy2UhjiHXLV
16,2018-05-02,Lithuania,MOVE_DOWN,1910.0,43cFjTTCD9Cni4aSL0sORz
17,2018-05-02,Lithuania,MOVE_UP,1820.0,6Hgh47WXVKtXN5zGOu0hjI
18,2018-05-02,Lithuania,MOVE_DOWN,1805.0,5CLGzJsGqhCEECcpnFQA8x
19,2018-05-02,Lithuania,MOVE_DOWN,1728.0,1LhMopPAallLeaeNutqbgS
20,2018-05-02,Lithuania,MOVE_UP,1708.0,7yotKA30dwTKNEGomV9ZsI
21,2018-05-02,Lithuania,SAME_POSITION,1672.0,6RnkFd8Fqqgk1Uni8RgqCQ
22,2018-05-02,Lithuania,MOVE_UP,1660.0,4H7WNRErSbONkM06blBoGc
23,2018-05-02,Lithuania,SAME_POSITION,1655.0,55S2PQgSMYAhgoTCcGCDfw
24,2018-05-02,Lithuania,MOVE_DOWN,1565.0,2ARqIya5NAuvFVHSN3bL0m
25,2018-05-02,Lithuania,MOVE_UP,1492.0,09IOPhEh1OMe0HD9b36FJk
26,2018-05-02,Lithuania,MOVE_DOWN,1484.0,7Fg342AJtNsIDdwCfX0paC
27,2018-05-02,Lithuania,MOVE_UP,1457.0,0u2P5u6lvoDfwTYjAADbn4
28,2018-05-02,Lithuania,SAME_POSITION,1443.0,3ee8Jmje8o58CHK66QrVC2
29,2018-05-02,Lithuania,MOVE_UP,1415.0,2og9I9rQwr2XdTLJUupfT1
30,2018-05-02,Lithuania,MOVE_UP,1411.0,5VuxWXbt7XENQCtE9TzpTv
31,2018-05-02,Lithuania,MOVE_UP,1398.0,6n4U3TlzUGhdSFbUUhTvLP
32,2018-05-02,Lithuania,MOVE_DOWN,1383.0,6IaieqiCVvsNvEt6Y7yOFa
33,2018-05-02,Lithuania,MOVE_UP,1363.0,6QgjcU0zLnzq5OrUoSZ3OK
34,2018-05-02,Lithuania,MOVE_UP,1348.0,5PTG6rrL6EPFD9E2QMI2pl
35,2018-05-02,Lithuania,NEW_ENTRY,1340.0,3uYDO9dPLTVrgfwg7EYXSf
36,2018-05-02,Lithuania,MOVE_DOWN,1319.0,79jX8RM5CgPqDKdGEKNW9K
37,2018-05-02,Lithuania,MOVE_DOWN,1311.0,0CZ8lquoTX2Dkg7Ak2inwA
38,2018-05-02,Lithuania,MOVE_DOWN,1298.0,3GCdLUSnKSMJhs4Tj6CV3s
39,2018-05-02,Lithuania,MOVE_DOWN,1283.0,6NFyWDv5CjfwuzoCkw47Xf
40,2018-05-02,Lithuania,MOVE_DOWN,1274.0,76cy1WJvNGJTj78UqeA5zr
41,2018-05-02,Lithuania,MOVE_UP,1264.0,6SFStUDQZNaGPKWOx9ZiJB
42,2018-05-02,Lithuania,MOVE_DOWN,1263.0,2Yl4OmDby9iitgNWZPwxkd
43,2018-05-02,Lithuania,MOVE_DOWN,1243.0,2VdT56BGpdqNHUgOe1j5vc
44,2018-05-02,Lithuania,MOVE_DOWN,1241.0,688QpQAwqsLdBR6lr13wK1
45,2018-05-02,Lithuania,SAME_POSITION,1223.0,6mAz8D1TmlTuef90dbNIiZ
46,2018-05-02,Lithuania,MOVE_DOWN,1166.0,10Igtw8bSDyyFs7KIsKngZ
47,2018-05-02,Lithuania,SAME_POSITION,1142.0,0Y4hwUppbGc8aIBmiTz30A
48,2018-05-02,Lithuania,SAME_POSITION,1128.0,7uzmGiiJyRfuViKKK3lVmR
49,2018-05-02,Lithuania,SAME_POSITION,1094.0,4qKcDkK6siZ7Jp1Jb4m0aL
50,2018-05-02,Lithuania,SAME_POSITION,1042.0,5lZZmityu9TAjNvSY6GLhR
51,2018-05-02,Lithuania,MOVE_DOWN,1033.0,6WbADFqMvR8N5u0BvtsWQE
52,2018-05-02,Lithuania,NEW_ENTRY,1011.0,1D2L6MefbXon28PzIk9I3r
53,2018-05-02,Lithuania,NEW_ENTRY,1003.0,32lItqlMi4LBhb4k0BaSaC
1,2018-05-03,Lithuania,SAME_POSITION,4985.0,7ef4DlsgrMEH11cDZd32M6
2,2018-05-03,Lithuania,SAME_POSITION,4533.0,7dt6x5M1jzdTEt8oCbisTK
3,2018-05-03,Lithuania,SAME_POSITION,3587.0,63SevszngYpZOwf63o61K4
4,2018-05-03,Lithuania,SAME_POSITION,3287.0,5SxkdsY1ufZzoq9iXceLw9
5,2018-05-03,Lithuania,SAME_POSITION,2774.0,3swc6WTsr7rl9DqQKQA55C
6,2018-05-03,Lithuania,SAME_POSITION,2654.0,1cTZMwcBJT0Ka3UJPXOeeN
7,2018-05-03,Lithuania,SAME_POSITION,2474.0,58q2HKrzhC3ozto2nDdN4z
8,2018-05-03,Lithuania,MOVE_UP,2343.0,6xTU6B6nFwKKTSZ9ySXS80
9,2018-05-03,Lithuania,MOVE_UP,2320.0,45Egmo7icyopuzJN0oMEdk
10,2018-05-03,Lithuania,MOVE_DOWN,2242.0,3fpVWegR6YOS1Yk5HSMYIq
11,2018-05-03,Lithuania,SAME_POSITION,2204.0,2XW4DbS6NddZxRPm5rMCeY
12,2018-05-03,Lithuania,MOVE_UP,2161.0,08bNPGLD8AhKpnnERrAc6G
13,2018-05-03,Lithuania,MOVE_DOWN,2157.0,1gm616Plq4ScqNi7TVkZ5N
14,2018-05-03,Lithuania,MOVE_DOWN,2135.0,0e7ipj03S05BNilyu5bRzt
15,2018-05-03,Lithuania,SAME_POSITION,2067.0,33IOhptvC2Qoy2UhjiHXLV
16,2018-05-03,Lithuania,MOVE_UP,1783.0,6Hgh47WXVKtXN5zGOu0hjI
17,2018-05-03,Lithuania,MOVE_UP,1762.0,6RnkFd8Fqqgk1Uni8RgqCQ
18,2018-05-03,Lithuania,MOVE_DOWN,1760.0,43cFjTTCD9Cni4aSL0sORz
19,2018-05-03,Lithuania,MOVE_UP,1697.0,55S2PQgSMYAhgoTCcGCDfw
20,2018-05-03,Lithuania,MOVE_DOWN,1662.0,5CLGzJsGqhCEECcpnFQA8x
21,2018-05-03,Lithuania,MOVE_DOWN,1647.0,7yotKA30dwTKNEGomV9ZsI
22,2018-05-03,Lithuania,MOVE_UP,1576.0,76cy1WJvNGJTj78UqeA5zr
23,2018-05-03,Lithuania,MOVE_DOWN,1559.0,4H7WNRErSbONkM06blBoGc
24,2018-05-03,Lithuania,MOVE_UP,1556.0,2og9I9rQwr2XdTLJUupfT1
25,2018-05-03,Lithuania,MOVE_DOWN,1552.0,1LhMopPAallLeaeNutqbgS
26,2018-05-03,Lithuania,MOVE_DOWN,1539.0,2ARqIya5NAuvFVHSN3bL0m
27,2018-05-03,Lithuania,MOVE_UP,1438.0,0Y4hwUppbGc8aIBmiTz30A
28,2018-05-03,Lithuania,MOVE_UP,1423.0,6n4U3TlzUGhdSFbUUhTvLP
29,2018-05-03,Lithuania,MOVE_DOWN,1419.0,3ee8Jmje8o58CHK66QrVC2
30,2018-05-03,Lithuania,MOVE_DOWN,1370.0,0u2P5u6lvoDfwTYjAADbn4
31,2018-05-03,Lithuania,MOVE_DOWN,1340.0,09IOPhEh1OMe0HD9b36FJk
32,2018-05-03,Lithuania,MOVE_UP,1334.0,0CZ8lquoTX2Dkg7Ak2inwA
33,2018-05-03,Lithuania,MOVE_UP,1313.0,3GCdLUSnKSMJhs4Tj6CV3s
34,2018-05-03,Lithuania,MOVE_DOWN,1295.0,7Fg342AJtNsIDdwCfX0paC
35,2018-05-03,Lithuania,NEW_ENTRY,1277.0,1HagMz5nWk1HmevNCBOxF3
36,2018-05-03,Lithuania,MOVE_DOWN,1265.0,5VuxWXbt7XENQCtE9TzpTv
37,2018-05-03,Lithuania,MOVE_DOWN,1250.0,79jX8RM5CgPqDKdGEKNW9K
38,2018-05-03,Lithuania,MOVE_DOWN,1250.0,6QgjcU0zLnzq5OrUoSZ3OK
39,2018-05-03,Lithuania,MOVE_DOWN,1237.0,5PTG6rrL6EPFD9E2QMI2pl
40,2018-05-03,Lithuania,MOVE_UP,1234.0,2Yl4OmDby9iitgNWZPwxkd
41,2018-05-03,Lithuania,MOVE_DOWN,1202.0,6IaieqiCVvsNvEt6Y7yOFa
42,2018-05-03,Lithuania,MOVE_DOWN,1202.0,6SFStUDQZNaGPKWOx9ZiJB
43,2018-05-03,Lithuania,MOVE_UP,1200.0,10Igtw8bSDyyFs7KIsKngZ
44,2018-05-03,Lithuania,MOVE_DOWN,1158.0,6NFyWDv5CjfwuzoCkw47Xf
45,2018-05-03,Lithuania,SAME_POSITION,1115.0,6mAz8D1TmlTuef90dbNIiZ
46,2018-05-03,Lithuania,NEW_ENTRY,1112.0,2GGGm4MLQynB3I4E4ycIYC
47,2018-05-03,Lithuania,MOVE_UP,1111.0,6WbADFqMvR8N5u0BvtsWQE
48,2018-05-03,Lithuania,MOVE_UP,1082.0,4qKcDkK6siZ7Jp1Jb4m0aL
49,2018-05-03,Lithuania,MOVE_DOWN,1080.0,2VdT56BGpdqNHUgOe1j5vc
50,2018-05-03,Lithuania,MOVE_DOWN,1061.0,688QpQAwqsLdBR6lr13wK1
51,2018-05-03,Lithuania,NEW_ENTRY,1017.0,6tvQzeCPwOytDlBYCIOY0n
52,2018-05-03,Lithuania,NEW_ENTRY,1009.0,2Vxppt3szOW6RJs1NunIc7
53,2018-05-03,Lithuania,MOVE_DOWN,1009.0,7uzmGiiJyRfuViKKK3lVmR
1,2018-05-04,Lithuania,SAME_POSITION,4838.0,7ef4DlsgrMEH11cDZd32M6
2,2018-05-04,Lithuania,SAME_POSITION,4408.0,7dt6x5M1jzdTEt8oCbisTK
3,2018-05-04,Lithuania,SAME_POSITION,3410.0,63SevszngYpZOwf63o61K4
4,2018-05-04,Lithuania,SAME_POSITION,3178.0,5SxkdsY1ufZzoq9iXceLw9
5,2018-05-04,Lithuania,SAME_POSITION,2731.0,3swc6WTsr7rl9DqQKQA55C
6,2018-05-04,Lithuania,NEW_ENTRY,2714.0,3Wf2YGdYT8xVdNsQSoRKk9
7,2018-05-04,Lithuania,MOVE_DOWN,2659.0,1cTZMwcBJT0Ka3UJPXOeeN
8,2018-05-04,Lithuania,MOVE_DOWN,2498.0,58q2HKrzhC3ozto2nDdN4z
9,2018-05-04,Lithuania,MOVE_UP,2458.0,0e7ipj03S05BNilyu5bRzt
10,2018-05-04,Lithuania,MOVE_UP,2337.0,2XW4DbS6NddZxRPm5rMCeY
11,2018-05-04,Lithuania,MOVE_UP,2258.0,1gm616Plq4ScqNi7TVkZ5N
12,2018-05-04,Lithuania,SAME_POSITION,2250.0,08bNPGLD8AhKpnnERrAc6G
13,2018-05-04,Lithuania,MOVE_DOWN,2226.0,3fpVWegR6YOS1Yk5HSMYIq
14,2018-05-04,Lithuania,MOVE_DOWN,2187.0,45Egmo7icyopuzJN0oMEdk
15,2018-05-04,Lithuania,MOVE_DOWN,2185.0,6xTU6B6nFwKKTSZ9ySXS80
16,2018-05-04,Lithuania,MOVE_DOWN,2075.0,33IOhptvC2Qoy2UhjiHXLV
17,2018-05-04,Lithuania,NEW_ENTRY,1922.0,2OvV4NjEBRE9v8Oo7QeUCq
18,2018-05-04,Lithuania,MOVE_DOWN,1859.0,6Hgh47WXVKtXN5zGOu0hjI
19,2018-05-04,Lithuania,MOVE_UP,1842.0,4H7WNRErSbONkM06blBoGc
20,2018-05-04,Lithuania,NEW_ENTRY,1766.0,3ZbJMlEL4Kcme0ONRO7Slx
21,2018-05-04,Lithuania,NEW_ENTRY,1751.0,73F87Sqh6jQWucOOvz1WFx
22,2018-05-04,Lithuania,NEW_ENTRY,1692.0,1hSOt9IeshMkuKP9ri4hOf
23,2018-05-04,Lithuania,MOVE_DOWN,1686.0,55S2PQgSMYAhgoTCcGCDfw
24,2018-05-04,Lithuania,MOVE_DOWN,1671.0,5CLGzJsGqhCEECcpnFQA8x
25,2018-05-04,Lithuania,MOVE_DOWN,1643.0,76cy1WJvNGJTj78UqeA5zr
26,2018-05-04,Lithuania,MOVE_DOWN,1609.0,43cFjTTCD9Cni4aSL0sORz
27,2018-05-04,Lithuania,NEW_ENTRY,1601.0,6HJcuxVgYjxcYDnPG0ystc
28,2018-05-04,Lithuania,MOVE_DOWN,1591.0,6RnkFd8Fqqgk1Uni8RgqCQ
29,2018-05-04,Lithuania,MOVE_DOWN,1571.0,7yotKA30dwTKNEGomV9ZsI
30,2018-05-04,Lithuania,NEW_ENTRY,1567.0,083Qf6hn6sFL6xiOHlZUyn
31,2018-05-04,Lithuania,MOVE_DOWN,1565.0,2ARqIya5NAuvFVHSN3bL0m
32,2018-05-04,Lithuania,MOVE_DOWN,1508.0,3ee8Jmje8o58CHK66QrVC2
33,2018-05-04,Lithuania,MOVE_DOWN,1423.0,1LhMopPAallLeaeNutqbgS
34,2018-05-04,Lithuania,MOVE_DOWN,1383.0,09IOPhEh1OMe0HD9b36FJk
35,2018-05-04,Lithuania,MOVE_DOWN,1375.0,2og9I9rQwr2XdTLJUupfT1
36,2018-05-04,Lithuania,MOVE_DOWN,1365.0,6n4U3TlzUGhdSFbUUhTvLP
37,2018-05-04,Lithuania,MOVE_DOWN,1364.0,3GCdLUSnKSMJhs4Tj6CV3s
38,2018-05-04,Lithuania,MOVE_DOWN,1361.0,5VuxWXbt7XENQCtE9TzpTv
39,2018-05-04,Lithuania,MOVE_DOWN,1352.0,6QgjcU0zLnzq5OrUoSZ3OK
40,2018-05-04,Lithuania,MOVE_DOWN,1341.0,0u2P5u6lvoDfwTYjAADbn4
41,2018-05-04,Lithuania,MOVE_DOWN,1319.0,2Yl4OmDby9iitgNWZPwxkd
42,2018-05-04,Lithuania,MOVE_DOWN,1273.0,7Fg342AJtNsIDdwCfX0paC
43,2018-05-04,Lithuania,MOVE_DOWN,1263.0,0Y4hwUppbGc8aIBmiTz30A
44,2018-05-04,Lithuania,MOVE_UP,1251.0,4qKcDkK6siZ7Jp1Jb4m0aL
45,2018-05-04,Lithuania,MOVE_DOWN,1247.0,6IaieqiCVvsNvEt6Y7yOFa
46,2018-05-04,Lithuania,NEW_ENTRY,1237.0,1BuTNbYxxFYezD1tT8AJR9
47,2018-05-04,Lithuania,MOVE_DOWN,1236.0,0CZ8lquoTX2Dkg7Ak2inwA
48,2018-05-04,Lithuania,MOVE_UP,1219.0,2VdT56BGpdqNHUgOe1j5vc
49,2018-05-04,Lithuania,MOVE_UP,1215.0,7uzmGiiJyRfuViKKK3lVmR
50,2018-05-04,Lithuania,MOVE_DOWN,1214.0,79jX8RM5CgPqDKdGEKNW9K
51,2018-05-04,Lithuania,MOVE_DOWN,1210.0,5PTG6rrL6EPFD9E2QMI2pl
52,2018-05-04,Lithuania,MOVE_DOWN,1201.0,6SFStUDQZNaGPKWOx9ZiJB
53,2018-05-04,Lithuania,MOVE_DOWN,1193.0,6mAz8D1TmlTuef90dbNIiZ
54,2018-05-04,Lithuania,NEW_ENTRY,1189.0,3DoBTwfr8yi2LN08SBpFkN
55,2018-05-04,Lithuania,MOVE_DOWN,1185.0,10Igtw8bSDyyFs7KIsKngZ
56,2018-05-04,Lithuania,NEW_ENTRY,1147.0,5eQ9IwVa9EodrmIItRQpaA
57,2018-05-04,Lithuania,MOVE_DOWN,1146.0,6tvQzeCPwOytDlBYCIOY0n
58,2018-05-04,Lithuania,MOVE_DOWN,1126.0,6NFyWDv5CjfwuzoCkw47Xf
59,2018-05-04,Lithuania,MOVE_DOWN,1113.0,688QpQAwqsLdBR6lr13wK1
60,2018-05-04,Lithuania,MOVE_DOWN,1107.0,6WbADFqMvR8N5u0BvtsWQE
61,2018-05-04,Lithuania,MOVE_DOWN,1072.0,2Vxppt3szOW6RJs1NunIc7
62,2018-05-04,Lithuania,NEW_ENTRY,1045.0,1BuZAIO8WZpavWVbbq3Lci
63,2018-05-04,Lithuania,NEW_ENTRY,1040.0,3uYDO9dPLTVrgfwg7EYXSf
64,2018-05-04,Lithuania,NEW_ENTRY,1026.0,7haW1iyflhswPhCJMXTfmG
65,2018-05-04,Lithuania,NEW_ENTRY,1018.0,6g1NlCpW7fgqDnWbCCDrHl
1,2018-05-08,Lithuania,SAME_POSITION,5189.0,7ef4DlsgrMEH11cDZd32M6
2,2018-05-08,Lithuania,MOVE_UP,4420.0,0b9oOr2ZgvyQu88wzixux9
3,2018-05-08,Lithuania,MOVE_DOWN,4373.0,7dt6x5M1jzdTEt8oCbisTK
4,2018-05-08,Lithuania,MOVE_DOWN,3395.0,63SevszngYpZOwf63o61K4
5,2018-05-08,Lithuania,SAME_POSITION,2866.0,5SxkdsY1ufZzoq9iXceLw9
6,2018-05-08,Lithuania,SAME_POSITION,2776.0,1cTZMwcBJT0Ka3UJPXOeeN
7,2018-05-08,Lithuania,MOVE_UP,2638.0,6xTU6B6nFwKKTSZ9ySXS80
8,2018-05-08,Lithuania,MOVE_DOWN,2606.0,58q2HKrzhC3ozto2nDdN4z
9,2018-05-08,Lithuania,MOVE_UP,2304.0,08bNPGLD8AhKpnnERrAc6G
10,2018-05-08,Lithuania,MOVE_UP,2226.0,33IOhptvC2Qoy2UhjiHXLV
11,2018-05-08,Lithuania,MOVE_UP,2204.0,45Egmo7icyopuzJN0oMEdk
12,2018-05-08,Lithuania,MOVE_UP,2167.0,6Hgh47WXVKtXN5zGOu0hjI
13,2018-05-08,Lithuania,MOVE_DOWN,2166.0,2XW4DbS6NddZxRPm5rMCeY
14,2018-05-08,Lithuania,MOVE_DOWN,2122.0,3swc6WTsr7rl9DqQKQA55C
15,2018-05-08,Lithuania,MOVE_UP,2051.0,55S2PQgSMYAhgoTCcGCDfw
16,2018-05-08,Lithuania,MOVE_UP,1997.0,3Wf2YGdYT8xVdNsQSoRKk9
17,2018-05-08,Lithuania,MOVE_UP,1950.0,5CLGzJsGqhCEECcpnFQA8x
18,2018-05-08,Lithuania,MOVE_DOWN,1917.0,1gm616Plq4ScqNi7TVkZ5N
19,2018-05-08,Lithuania,MOVE_DOWN,1881.0,0e7ipj03S05BNilyu5bRzt
20,2018-05-08,Lithuania,MOVE_DOWN,1855.0,3fpVWegR6YOS1Yk5HSMYIq
21,2018-05-08,Lithuania,MOVE_UP,1818.0,43cFjTTCD9Cni4aSL0sORz
22,2018-05-08,Lithuania,MOVE_UP,1668.0,4H7WNRErSbONkM06blBoGc
23,2018-05-08,Lithuania,MOVE_DOWN,1657.0,2ARqIya5NAuvFVHSN3bL0m
24,2018-05-08,Lithuania,MOVE_UP,1546.0,0u2P5u6lvoDfwTYjAADbn4
25,2018-05-08,Lithuania,MOVE_DOWN,1472.0,6RnkFd8Fqqgk1Uni8RgqCQ
26,2018-05-08,Lithuania,MOVE_UP,1449.0,3ee8Jmje8o58CHK66QrVC2
27,2018-05-08,Lithuania,MOVE_UP,1430.0,7yotKA30dwTKNEGomV9ZsI
28,2018-05-08,Lithuania,MOVE_UP,1415.0,0CZ8lquoTX2Dkg7Ak2inwA
29,2018-05-08,Lithuania,MOVE_UP,1395.0,2og9I9rQwr2XdTLJUupfT1
30,2018-05-08,Lithuania,MOVE_UP,1386.0,7Fg342AJtNsIDdwCfX0paC
31,2018-05-08,Lithuania,MOVE_DOWN,1369.0,76cy1WJvNGJTj78UqeA5zr
32,2018-05-08,Lithuania,MOVE_DOWN,1367.0,0Y4hwUppbGc8aIBmiTz30A
33,2018-05-08,Lithuania,MOVE_UP,1356.0,79jX8RM5CgPqDKdGEKNW9K
34,2018-05-08,Lithuania,MOVE_UP,1259.0,6SFStUDQZNaGPKWOx9ZiJB
35,2018-05-08,Lithuania,MOVE_DOWN,1236.0,6n4U3TlzUGhdSFbUUhTvLP
36,2018-05-08,Lithuania,NEW_ENTRY,1208.0,5vFiuwlEfEcEwPvS5e1icS
37,2018-05-08,Lithuania,NEW_ENTRY,1192.0,083Qf6hn6sFL6xiOHlZUyn
38,2018-05-08,Lithuania,NEW_ENTRY,1188.0,73F87Sqh6jQWucOOvz1WFx
39,2018-05-08,Lithuania,MOVE_DOWN,1168.0,6mAz8D1TmlTuef90dbNIiZ
40,2018-05-08,Lithuania,MOVE_DOWN,1166.0,6QgjcU0zLnzq5OrUoSZ3OK
41,2018-05-08,Lithuania,MOVE_UP,1156.0,5PTG6rrL6EPFD9E2QMI2pl
42,2018-05-08,Lithuania,NEW_ENTRY,1150.0,3pWcj8hxj3fsb9TDAcMpEl
43,2018-05-08,Lithuania,MOVE_DOWN,1147.0,3GCdLUSnKSMJhs4Tj6CV3s
44,2018-05-08,Lithuania,MOVE_DOWN,1124.0,09IOPhEh1OMe0HD9b36FJk
45,2018-05-08,Lithuania,MOVE_DOWN,1110.0,10Igtw8bSDyyFs7KIsKngZ
46,2018-05-08,Lithuania,MOVE_DOWN,1102.0,1LhMopPAallLeaeNutqbgS
47,2018-05-08,Lithuania,MOVE_DOWN,1084.0,4qKcDkK6siZ7Jp1Jb4m0aL
48,2018-05-08,Lithuania,MOVE_DOWN,1072.0,2Yl4OmDby9iitgNWZPwxkd
49,2018-05-08,Lithuania,NEW_ENTRY,1053.0,2OvV4NjEBRE9v8Oo7QeUCq
50,2018-05-08,Lithuania,NEW_ENTRY,1033.0,6NFyWDv5CjfwuzoCkw47Xf
51,2018-05-08,Lithuania,MOVE_DOWN,1008.0,5VuxWXbt7XENQCtE9TzpTv
52,2018-05-08,Lithuania,MOVE_DOWN,1007.0,1HagMz5nWk1HmevNCBOxF3
53,2018-05-08,Lithuania,MOVE_DOWN,1005.0,6IaieqiCVvsNvEt6Y7yOFa
1,2018-05-09,Lithuania,MOVE_UP,5689.0,0b9oOr2ZgvyQu88wzixux9
2,2018-05-09,Lithuania,MOVE_DOWN,5208.0,7ef4DlsgrMEH11cDZd32M6
3,2018-05-09,Lithuania,SAME_POSITION,4302.0,7dt6x5M1jzdTEt8oCbisTK
4,2018-05-09,Lithuania,MOVE_UP,3976.0,5vFiuwlEfEcEwPvS5e1icS
5,2018-05-09,Lithuania,MOVE_DOWN,3249.0,63SevszngYpZOwf63o61K4
6,2018-05-09,Lithuania,MOVE_DOWN,2883.0,5SxkdsY1ufZzoq9iXceLw9
7,2018-05-09,Lithuania,NEW_ENTRY,2815.0,6zBdVVksaTQeAzwfszbovz
8,2018-05-09,Lithuania,MOVE_DOWN,2658.0,1cTZMwcBJT0Ka3UJPXOeeN
9,2018-05-09,Lithuania,MOVE_DOWN,2525.0,58q2HKrzhC3ozto2nDdN4z
10,2018-05-09,Lithuania,NEW_ENTRY,2479.0,22ppznuzVF9LKamaaqMMqu
11,2018-05-09,Lithuania,NEW_ENTRY,2418.0,7vuTcvFnvlqWlWb4u60nvY
12,2018-05-09,Lithuania,MOVE_DOWN,2257.0,6xTU6B6nFwKKTSZ9ySXS80
13,2018-05-09,Lithuania,NEW_ENTRY,2242.0,41gxXNTTz6LNVY2LIKoRHn
14,2018-05-09,Lithuania,MOVE_DOWN,2229.0,08bNPGLD8AhKpnnERrAc6G
15,2018-05-09,Lithuania,NEW_ENTRY,2114.0,39qWzdNJSioJzfemhwXtDw
16,2018-05-09,Lithuania,SAME_POSITION,2102.0,3Wf2YGdYT8xVdNsQSoRKk9
17,2018-05-09,Lithuania,MOVE_DOWN,2094.0,33IOhptvC2Qoy2UhjiHXLV
18,2018-05-09,Lithuania,MOVE_DOWN,2091.0,3swc6WTsr7rl9DqQKQA55C
19,2018-05-09,Lithuania,MOVE_DOWN,2040.0,6Hgh47WXVKtXN5zGOu0hjI
20,2018-05-09,Lithuania,MOVE_DOWN,2038.0,45Egmo7icyopuzJN0oMEdk
21,2018-05-09,Lithuania,MOVE_DOWN,1994.0,2XW4DbS6NddZxRPm5rMCeY
22,2018-05-09,Lithuania,MOVE_DOWN,1966.0,55S2PQgSMYAhgoTCcGCDfw
23,2018-05-09,Lithuania,MOVE_DOWN,1883.0,0e7ipj03S05BNilyu5bRzt
24,2018-05-09,Lithuania,NEW_ENTRY,1831.0,0s3P5PImfDZYWIseR3b39D
25,2018-05-09,Lithuania,NEW_ENTRY,1717.0,2776nsJOmk3psqGSocg6lK
26,2018-05-09,Lithuania,MOVE_DOWN,1701.0,1gm616Plq4ScqNi7TVkZ5N
27,2018-05-09,Lithuania,MOVE_DOWN,1697.0,43cFjTTCD9Cni4aSL0sORz
28,2018-05-09,Lithuania,MOVE_DOWN,1659.0,3fpVWegR6YOS1Yk5HSMYIq
29,2018-05-09,Lithuania,MOVE_DOWN,1627.0,5CLGzJsGqhCEECcpnFQA8x
30,2018-05-09,Lithuania,NEW_ENTRY,1618.0,51cdazVlYWqmnsfrVaeTeG
31,2018-05-09,Lithuania,MOVE_DOWN,1596.0,0u2P5u6lvoDfwTYjAADbn4
32,2018-05-09,Lithuania,MOVE_DOWN,1578.0,4H7WNRErSbONkM06blBoGc
33,2018-05-09,Lithuania,MOVE_DOWN,1576.0,2ARqIya5NAuvFVHSN3bL0m
34,2018-05-09,Lithuania,MOVE_DOWN,1534.0,3ee8Jmje8o58CHK66QrVC2
35,2018-05-09,Lithuania,NEW_ENTRY,1421.0,4RhUWIJ1ogyBb4oki1gCm9
36,2018-05-09,Lithuania,MOVE_DOWN,1414.0,6RnkFd8Fqqgk1Uni8RgqCQ
37,2018-05-09,Lithuania,MOVE_DOWN,1393.0,7yotKA30dwTKNEGomV9ZsI
38,2018-05-09,Lithuania,NEW_ENTRY,1380.0,2815rSBccLxZc67jEWBEvD
39,2018-05-09,Lithuania,MOVE_DOWN,1380.0,7Fg342AJtNsIDdwCfX0paC
40,2018-05-09,Lithuania,NEW_ENTRY,1351.0,06GLoUz0gyKp3jQWTXiv0P
41,2018-05-09,Lithuania,MOVE_DOWN,1334.0,73F87Sqh6jQWucOOvz1WFx
42,2018-05-09,Lithuania,MOVE_DOWN,1332.0,0Y4hwUppbGc8aIBmiTz30A
43,2018-05-09,Lithuania,MOVE_DOWN,1266.0,083Qf6hn6sFL6xiOHlZUyn
44,2018-05-09,Lithuania,MOVE_DOWN,1263.0,6n4U3TlzUGhdSFbUUhTvLP
45,2018-05-09,Lithuania,NEW_ENTRY,1263.0,32zmm5WQw5B5JJ9lMc5nNt
46,2018-05-09,Lithuania,MOVE_DOWN,1257.0,76cy1WJvNGJTj78UqeA5zr
47,2018-05-09,Lithuania,MOVE_DOWN,1242.0,2og9I9rQwr2XdTLJUupfT1
48,2018-05-09,Lithuania,MOVE_DOWN,1237.0,0CZ8lquoTX2Dkg7Ak2inwA
49,2018-05-09,Lithuania,MOVE_DOWN,1231.0,79jX8RM5CgPqDKdGEKNW9K
50,2018-05-09,Lithuania,NEW_ENTRY,1228.0,7jYLCd1CafwKxbuXgRc2rs
51,2018-05-09,Lithuania,NEW_ENTRY,1178.0,5pr2apsKCrMhoAwQ5ESJym
52,2018-05-09,Lithuania,MOVE_DOWN,1166.0,4qKcDkK6siZ7Jp1Jb4m0aL
53,2018-05-09,Lithuania,MOVE_DOWN,1165.0,2OvV4NjEBRE9v8Oo7QeUCq
54,2018-05-09,Lithuania,MOVE_DOWN,1164.0,6mAz8D1TmlTuef90dbNIiZ
55,2018-05-09,Lithuania,MOVE_DOWN,1157.0,3GCdLUSnKSMJhs4Tj6CV3s
56,2018-05-09,Lithuania,NEW_ENTRY,1154.0,7kqujRWNEBhrpYt0eV0uw5
57,2018-05-09,Lithuania,MOVE_DOWN,1136.0,6SFStUDQZNaGPKWOx9ZiJB
58,2018-05-09,Lithuania,MOVE_DOWN,1116.0,6QgjcU0zLnzq5OrUoSZ3OK
59,2018-05-09,Lithuania,MOVE_DOWN,1106.0,3pWcj8hxj3fsb9TDAcMpEl
60,2018-05-09,Lithuania,MOVE_DOWN,1101.0,1LhMopPAallLeaeNutqbgS
61,2018-05-09,Lithuania,NEW_ENTRY,1052.0,07qlsG6DYRLBbovwca9Vbr
62,2018-05-09,Lithuania,MOVE_DOWN,1050.0,10Igtw8bSDyyFs7KIsKngZ
63,2018-05-09,Lithuania,MOVE_DOWN,1038.0,2Yl4OmDby9iitgNWZPwxkd
64,2018-05-09,Lithuania,MOVE_DOWN,1037.0,09IOPhEh1OMe0HD9b36FJk
65,2018-05-09,Lithuania,MOVE_DOWN,1032.0,5PTG6rrL6EPFD9E2QMI2pl
1,2018-05-10,Lithuania,MOVE_UP,5580.0,7ef4DlsgrMEH11cDZd32M6
2,2018-05-10,Lithuania,MOVE_DOWN,5494.0,0b9oOr2ZgvyQu88wzixux9
3,2018-05-10,Lithuania,SAME_POSITION,3964.0,7dt6x5M1jzdTEt8oCbisTK
4,2018-05-10,Lithuania,MOVE_UP,3523.0,63SevszngYpZOwf63o61K4
5,2018-05-10,Lithuania,MOVE_DOWN,3205.0,5vFiuwlEfEcEwPvS5e1icS
6,2018-05-10,Lithuania,SAME_POSITION,2710.0,5SxkdsY1ufZzoq9iXceLw9
7,2018-05-10,Lithuania,MOVE_UP,2546.0,1cTZMwcBJT0Ka3UJPXOeeN
8,2018-05-10,Lithuania,MOVE_UP,2317.0,58q2HKrzhC3ozto2nDdN4z
9,2018-05-10,Lithuania,MOVE_UP,2309.0,6xTU6B6nFwKKTSZ9ySXS80
10,2018-05-10,Lithuania,MOVE_DOWN,2251.0,6zBdVVksaTQeAzwfszbovz
11,2018-05-10,Lithuania,MOVE_UP,2231.0,33IOhptvC2Qoy2UhjiHXLV
12,2018-05-10,Lithuania,MOVE_UP,2072.0,08bNPGLD8AhKpnnERrAc6G
13,2018-05-10,Lithuania,MOVE_UP,1995.0,3Wf2YGdYT8xVdNsQSoRKk9
14,2018-05-10,Lithuania,MOVE_UP,1957.0,55S2PQgSMYAhgoTCcGCDfw
15,2018-05-10,Lithuania,MOVE_DOWN,1949.0,22ppznuzVF9LKamaaqMMqu
16,2018-05-10,Lithuania,MOVE_UP,1918.0,6Hgh47WXVKtXN5zGOu0hjI
17,2018-05-10,Lithuania,MOVE_UP,1916.0,0e7ipj03S05BNilyu5bRzt
18,2018-05-10,Lithuania,MOVE_UP,1898.0,45Egmo7icyopuzJN0oMEdk
19,2018-05-10,Lithuania,MOVE_DOWN,1886.0,3swc6WTsr7rl9DqQKQA55C
20,2018-05-10,Lithuania,MOVE_DOWN,1877.0,7vuTcvFnvlqWlWb4u60nvY
21,2018-05-10,Lithuania,SAME_POSITION,1853.0,2XW4DbS6NddZxRPm5rMCeY
22,2018-05-10,Lithuania,MOVE_UP,1683.0,1gm616Plq4ScqNi7TVkZ5N
23,2018-05-10,Lithuania,MOVE_DOWN,1630.0,41gxXNTTz6LNVY2LIKoRHn
24,2018-05-10,Lithuania,MOVE_UP,1598.0,0Y4hwUppbGc8aIBmiTz30A
25,2018-05-10,Lithuania,MOVE_UP,1587.0,2815rSBccLxZc67jEWBEvD
26,2018-05-10,Lithuania,MOVE_UP,1585.0,5CLGzJsGqhCEECcpnFQA8x
27,2018-05-10,Lithuania,MOVE_UP,1568.0,76cy1WJvNGJTj78UqeA5zr
28,2018-05-10,Lithuania,SAME_POSITION,1547.0,3fpVWegR6YOS1Yk5HSMYIq
29,2018-05-10,Lithuania,MOVE_DOWN,1547.0,39qWzdNJSioJzfemhwXtDw
30,2018-05-10,Lithuania,MOVE_DOWN,1528.0,0s3P5PImfDZYWIseR3b39D
31,2018-05-10,Lithuania,MOVE_DOWN,1513.0,43cFjTTCD9Cni4aSL0sORz
32,2018-05-10,Lithuania,MOVE_UP,1497.0,18W92Zm1KjLCbUIszOhpkD
33,2018-05-10,Lithuania,MOVE_UP,1486.0,6RnkFd8Fqqgk1Uni8RgqCQ
34,2018-05-10,Lithuania,MOVE_DOWN,1436.0,2ARqIya5NAuvFVHSN3bL0m
35,2018-05-10,Lithuania,MOVE_DOWN,1427.0,0u2P5u6lvoDfwTYjAADbn4
36,2018-05-10,Lithuania,MOVE_DOWN,1371.0,4H7WNRErSbONkM06blBoGc
37,2018-05-10,Lithuania,MOVE_UP,1282.0,0CZ8lquoTX2Dkg7Ak2inwA
38,2018-05-10,Lithuania,MOVE_DOWN,1258.0,7yotKA30dwTKNEGomV9ZsI
39,2018-05-10,Lithuania,MOVE_DOWN,1252.0,4RhUWIJ1ogyBb4oki1gCm9
40,2018-05-10,Lithuania,MOVE_DOWN,1242.0,3ee8Jmje8o58CHK66QrVC2
41,2018-05-10,Lithuania,MOVE_DOWN,1238.0,7Fg342AJtNsIDdwCfX0paC
42,2018-05-10,Lithuania,MOVE_DOWN,1236.0,73F87Sqh6jQWucOOvz1WFx
43,2018-05-10,Lithuania,MOVE_UP,1172.0,6n4U3TlzUGhdSFbUUhTvLP
44,2018-05-10,Lithuania,NEW_ENTRY,1163.0,1HagMz5nWk1HmevNCBOxF3
45,2018-05-10,Lithuania,MOVE_UP,1158.0,79jX8RM5CgPqDKdGEKNW9K
46,2018-05-10,Lithuania,MOVE_UP,1141.0,4qKcDkK6siZ7Jp1Jb4m0aL
47,2018-05-10,Lithuania,MOVE_DOWN,1133.0,2776nsJOmk3psqGSocg6lK
48,2018-05-10,Lithuania,MOVE_UP,1094.0,6SFStUDQZNaGPKWOx9ZiJB
49,2018-05-10,Lithuania,MOVE_UP,1091.0,3GCdLUSnKSMJhs4Tj6CV3s
50,2018-05-10,Lithuania,MOVE_DOWN,1077.0,06GLoUz0gyKp3jQWTXiv0P
51,2018-05-10,Lithuania,MOVE_UP,1073.0,6QgjcU0zLnzq5OrUoSZ3OK
52,2018-05-10,Lithuania,MOVE_DOWN,1051.0,32zmm5WQw5B5JJ9lMc5nNt
53,2018-05-10,Lithuania,MOVE_DOWN,1045.0,083Qf6hn6sFL6xiOHlZUyn
54,2018-05-10,Lithuania,NEW_ENTRY,1044.0,2GGGm4MLQynB3I4E4ycIYC
55,2018-05-10,Lithuania,MOVE_DOWN,1029.0,51cdazVlYWqmnsfrVaeTeG
56,2018-05-10,Lithuania,MOVE_UP,1014.0,5PTG6rrL6EPFD9E2QMI2pl
57,2018-05-10,Lithuania,MOVE_DOWN,1005.0,6mAz8D1TmlTuef90dbNIiZ
58,2018-05-10,Lithuania,MOVE_DOWN,1001.0,2OvV4NjEBRE9v8Oo7QeUCq
1,2018-05-11,Lithuania,MOVE_UP,6642.0,0b9oOr2ZgvyQu88wzixux9
2,2018-05-11,Lithuania,MOVE_DOWN,5327.0,7ef4DlsgrMEH11cDZd32M6
3,2018-05-11,Lithuania,SAME_POSITION,4287.0,7dt6x5M1jzdTEt8oCbisTK
4,2018-05-11,Lithuania,NEW_ENTRY,4001.0,5Z5nbOXhsSbySVC7WUc6y9
5,2018-05-11,Lithuania,SAME_POSITION,3781.0,5vFiuwlEfEcEwPvS5e1icS
6,2018-05-11,Lithuania,MOVE_DOWN,3588.0,63SevszngYpZOwf63o61K4
7,2018-05-11,Lithuania,NEW_ENTRY,3060.0,0b93tWwuoAC0nXe1CfR30I
8,2018-05-11,Lithuania,MOVE_UP,3012.0,0s3P5PImfDZYWIseR3b39D
9,2018-05-11,Lithuania,MOVE_DOWN,2872.0,5SxkdsY1ufZzoq9iXceLw9
10,2018-05-11,Lithuania,MOVE_DOWN,2815.0,1cTZMwcBJT0Ka3UJPXOeeN
11,2018-05-11,Lithuania,MOVE_DOWN,2770.0,6zBdVVksaTQeAzwfszbovz
12,2018-05-11,Lithuania,NEW_ENTRY,2710.0,1t67WYNfUxfOiwaz7SJ66b
13,2018-05-11,Lithuania,NEW_ENTRY,2707.0,4hQ6UGyWQIGJmHSo0J88JW
14,2018-05-11,Lithuania,NEW_ENTRY,2680.0,2URDbWGmPz3vhagl25p8OC
15,2018-05-11,Lithuania,SAME_POSITION,2552.0,22ppznuzVF9LKamaaqMMqu
16,2018-05-11,Lithuania,NEW_ENTRY,2476.0,2HbYLDA1SigY1ilC94ieVu
17,2018-05-11,Lithuania,NEW_ENTRY,2357.0,0U6Vg6RUmzADUO0Y9fVKft
18,2018-05-11,Lithuania,MOVE_DOWN,2287.0,58q2HKrzhC3ozto2nDdN4z
19,2018-05-11,Lithuania,SAME_POSITION,2275.0,3swc6WTsr7rl9DqQKQA55C
20,2018-05-11,Lithuania,MOVE_UP,2221.0,2XW4DbS6NddZxRPm5rMCeY
21,2018-05-11,Lithuania,NEW_ENTRY,2200.0,5rqQTEIVK2PTuXU9GI2wT0
22,2018-05-11,Lithuania,MOVE_DOWN,2190.0,08bNPGLD8AhKpnnERrAc6G
23,2018-05-11,Lithuania,MOVE_DOWN,2183.0,6xTU6B6nFwKKTSZ9ySXS80
24,2018-05-11,Lithuania,MOVE_DOWN,2120.0,0e7ipj03S05BNilyu5bRzt
25,2018-05-11,Lithuania,MOVE_DOWN,2107.0,3Wf2YGdYT8xVdNsQSoRKk9
26,2018-05-11,Lithuania,MOVE_DOWN,2101.0,33IOhptvC2Qoy2UhjiHXLV
27,2018-05-11,Lithuania,MOVE_DOWN,2092.0,7vuTcvFnvlqWlWb4u60nvY
28,2018-05-11,Lithuania,NEW_ENTRY,2065.0,1YNQscOx6OqBQjxgJVhEeW
29,2018-05-11,Lithuania,NEW_ENTRY,2062.0,6hkfgHhYXyDVYahUOZhGRd
30,2018-05-11,Lithuania,NEW_ENTRY,2055.0,60T4FDF1tTcFlXkI08FFhL
31,2018-05-11,Lithuania,MOVE_DOWN,2043.0,45Egmo7icyopuzJN0oMEdk
32,2018-05-11,Lithuania,MOVE_DOWN,1934.0,55S2PQgSMYAhgoTCcGCDfw
33,2018-05-11,Lithuania,MOVE_DOWN,1931.0,2815rSBccLxZc67jEWBEvD
34,2018-05-11,Lithuania,NEW_ENTRY,1885.0,3PhbzvTllkq1rkULafc6ns
35,2018-05-11,Lithuania,NEW_ENTRY,1884.0,7aiKdAM9WYW3GzWSA9OXIl
36,2018-05-11,Lithuania,MOVE_DOWN,1827.0,1gm616Plq4ScqNi7TVkZ5N
37,2018-05-11,Lithuania,MOVE_DOWN,1816.0,41gxXNTTz6LNVY2LIKoRHn
38,2018-05-11,Lithuania,MOVE_DOWN,1789.0,6Hgh47WXVKtXN5zGOu0hjI
39,2018-05-11,Lithuania,MOVE_DOWN,1758.0,3fpVWegR6YOS1Yk5HSMYIq
40,2018-05-11,Lithuania,MOVE_DOWN,1721.0,39qWzdNJSioJzfemhwXtDw
41,2018-05-11,Lithuania,MOVE_DOWN,1687.0,5CLGzJsGqhCEECcpnFQA8x
42,2018-05-11,Lithuania,MOVE_DOWN,1681.0,2ARqIya5NAuvFVHSN3bL0m
43,2018-05-11,Lithuania,MOVE_DOWN,1638.0,76cy1WJvNGJTj78UqeA5zr
44,2018-05-11,Lithuania,MOVE_DOWN,1606.0,0Y4hwUppbGc8aIBmiTz30A
45,2018-05-11,Lithuania,NEW_ENTRY,1539.0,7boPPE857KEqCIHNwFkDop
46,2018-05-11,Lithuania,MOVE_DOWN,1535.0,4RhUWIJ1ogyBb4oki1gCm9
47,2018-05-11,Lithuania,NEW_ENTRY,1498.0,01k24g94i1JvkFLQmVEdCd
48,2018-05-11,Lithuania,MOVE_UP,1491.0,06GLoUz0gyKp3jQWTXiv0P
49,2018-05-11,Lithuania,NEW_ENTRY,1444.0,1etiUDkISHELzQGMY79ryt
50,2018-05-11,Lithuania,MOVE_DOWN,1436.0,3ee8Jmje8o58CHK66QrVC2
51,2018-05-11,Lithuania,MOVE_DOWN,1408.0,43cFjTTCD9Cni4aSL0sORz
52,2018-05-11,Lithuania,MOVE_DOWN,1402.0,6RnkFd8Fqqgk1Uni8RgqCQ
53,2018-05-11,Lithuania,MOVE_DOWN,1369.0,7yotKA30dwTKNEGomV9ZsI
54,2018-05-11,Lithuania,MOVE_DOWN,1358.0,0u2P5u6lvoDfwTYjAADbn4
55,2018-05-11,Lithuania,NEW_ENTRY,1345.0,7kqujRWNEBhrpYt0eV0uw5
56,2018-05-11,Lithuania,MOVE_DOWN,1331.0,3GCdLUSnKSMJhs4Tj6CV3s
57,2018-05-11,Lithuania,MOVE_DOWN,1319.0,18W92Zm1KjLCbUIszOhpkD
58,2018-05-11,Lithuania,MOVE_DOWN,1296.0,73F87Sqh6jQWucOOvz1WFx
59,2018-05-11,Lithuania,MOVE_DOWN,1288.0,6n4U3TlzUGhdSFbUUhTvLP
60,2018-05-11,Lithuania,MOVE_DOWN,1262.0,4H7WNRErSbONkM06blBoGc
61,2018-05-11,Lithuania,MOVE_DOWN,1247.0,7Fg342AJtNsIDdwCfX0paC
62,2018-05-11,Lithuania,MOVE_DOWN,1215.0,79jX8RM5CgPqDKdGEKNW9K
63,2018-05-11,Lithuania,MOVE_DOWN,1207.0,4qKcDkK6siZ7Jp1Jb4m0aL
64,2018-05-11,Lithuania,MOVE_DOWN,1205.0,2776nsJOmk3psqGSocg6lK
65,2018-05-11,Lithuania,NEW_ENTRY,1185.0,1LhMopPAallLeaeNutqbgS
66,2018-05-11,Lithuania,MOVE_DOWN,1178.0,0CZ8lquoTX2Dkg7Ak2inwA
67,2018-05-11,Lithuania,NEW_ENTRY,1165.0,2ZrHbO88rM6Ijeg0aJmSzl
68,2018-05-11,Lithuania,NEW_ENTRY,1159.0,7jYLCd1CafwKxbuXgRc2rs
69,2018-05-11,Lithuania,MOVE_DOWN,1149.0,6QgjcU0zLnzq5OrUoSZ3OK
70,2018-05-11,Lithuania,MOVE_DOWN,1120.0,51cdazVlYWqmnsfrVaeTeG
71,2018-05-11,Lithuania,MOVE_DOWN,1110.0,32zmm5WQw5B5JJ9lMc5nNt
72,2018-05-11,Lithuania,NEW_ENTRY,1097.0,3kxfsdsCpFgN412fpnW85Y
73,2018-05-11,Lithuania,MOVE_DOWN,1058.0,6SFStUDQZNaGPKWOx9ZiJB
74,2018-05-11,Lithuania,MOVE_DOWN,1047.0,6mAz8D1TmlTuef90dbNIiZ
75,2018-05-11,Lithuania,NEW_ENTRY,1040.0,4RgfBil6aN3o26M8t3KjGH
76,2018-05-11,Lithuania,NEW_ENTRY,1028.0,1u0CD4fcBUB1xrG9fNgejh
77,2018-05-11,Lithuania,NEW_ENTRY,1024.0,7uzmGiiJyRfuViKKK3lVmR
78,2018-05-11,Lithuania,MOVE_DOWN,1007.0,5PTG6rrL6EPFD9E2QMI2pl
79,2018-05-11,Lithuania,NEW_ENTRY,1002.0,2OALaHcDdKkjYEpAr0Qzab
80,2018-05-11,Lithuania,NEW_ENTRY,1002.0,5pBZoZhlYKgzdjdqtbBeXX
1,2018-05-12,Lithuania,MOVE_UP,4912.0,7ef4DlsgrMEH11cDZd32M6
2,2018-05-12,Lithuania,MOVE_DOWN,4754.0,0b9oOr2ZgvyQu88wzixux9
3,2018-05-12,Lithuania,MOVE_UP,3981.0,5vFiuwlEfEcEwPvS5e1icS
4,2018-05-12,Lithuania,MOVE_DOWN,3545.0,7dt6x5M1jzdTEt8oCbisTK
5,2018-05-12,Lithuania,MOVE_UP,3360.0,63SevszngYpZOwf63o61K4
6,2018-05-12,Lithuania,MOVE_UP,3076.0,6zBdVVksaTQeAzwfszbovz
7,2018-05-12,Lithuania,MOVE_UP,3074.0,0s3P5PImfDZYWIseR3b39D
8,2018-05-12,Lithuania,MOVE_UP,3056.0,22ppznuzVF9LKamaaqMMqu
9,2018-05-12,Lithuania,MOVE_UP,2601.0,7vuTcvFnvlqWlWb4u60nvY
10,2018-05-12,Lithuania,MOVE_DOWN,2467.0,5SxkdsY1ufZzoq9iXceLw9
11,2018-05-12,Lithuania,MOVE_DOWN,2324.0,1cTZMwcBJT0Ka3UJPXOeeN
12,2018-05-12,Lithuania,MOVE_UP,2189.0,08bNPGLD8AhKpnnERrAc6G
13,2018-05-12,Lithuania,MOVE_UP,2077.0,6xTU6B6nFwKKTSZ9ySXS80
14,2018-05-12,Lithuania,MOVE_UP,2044.0,0e7ipj03S05BNilyu5bRzt
15,2018-05-12,Lithuania,MOVE_UP,2038.0,58q2HKrzhC3ozto2nDdN4z
16,2018-05-12,Lithuania,MOVE_UP,2037.0,3swc6WTsr7rl9DqQKQA55C
17,2018-05-12,Lithuania,MOVE_UP,2003.0,41gxXNTTz6LNVY2LIKoRHn
18,2018-05-12,Lithuania,MOVE_UP,1955.0,39qWzdNJSioJzfemhwXtDw
19,2018-05-12,Lithuania,MOVE_UP,1861.0,06GLoUz0gyKp3jQWTXiv0P
20,2018-05-12,Lithuania,SAME_POSITION,1854.0,2XW4DbS6NddZxRPm5rMCeY
21,2018-05-12,Lithuania,MOVE_UP,1796.0,33IOhptvC2Qoy2UhjiHXLV
22,2018-05-12,Lithuania,MOVE_UP,1786.0,45Egmo7icyopuzJN0oMEdk
23,2018-05-12,Lithuania,MOVE_DOWN,1781.0,5Z5nbOXhsSbySVC7WUc6y9
24,2018-05-12,Lithuania,MOVE_UP,1765.0,3Wf2YGdYT8xVdNsQSoRKk9
25,2018-05-12,Lithuania,MOVE_UP,1724.0,55S2PQgSMYAhgoTCcGCDfw
26,2018-05-12,Lithuania,MOVE_UP,1551.0,0Y4hwUppbGc8aIBmiTz30A
27,2018-05-12,Lithuania,MOVE_UP,1550.0,1gm616Plq4ScqNi7TVkZ5N
28,2018-05-12,Lithuania,MOVE_UP,1548.0,7kqujRWNEBhrpYt0eV0uw5
29,2018-05-12,Lithuania,MOVE_UP,1543.0,6Hgh47WXVKtXN5zGOu0hjI
30,2018-05-12,Lithuania,MOVE_DOWN,1475.0,0b93tWwuoAC0nXe1CfR30I
31,2018-05-12,Lithuania,MOVE_UP,1469.0,51cdazVlYWqmnsfrVaeTeG
32,2018-05-12,Lithuania,MOVE_DOWN,1458.0,4hQ6UGyWQIGJmHSo0J88JW
33,2018-05-12,Lithuania,MOVE_UP,1435.0,5CLGzJsGqhCEECcpnFQA8x
34,2018-05-12,Lithuania,MOVE_UP,1405.0,2ARqIya5NAuvFVHSN3bL0m
35,2018-05-12,Lithuania,MOVE_UP,1400.0,3fpVWegR6YOS1Yk5HSMYIq
36,2018-05-12,Lithuania,MOVE_UP,1345.0,6RnkFd8Fqqgk1Uni8RgqCQ
37,2018-05-12,Lithuania,MOVE_UP,1343.0,18W92Zm1KjLCbUIszOhpkD
38,2018-05-12,Lithuania,MOVE_UP,1343.0,43cFjTTCD9Cni4aSL0sORz
39,2018-05-12,Lithuania,MOVE_UP,1305.0,7jYLCd1CafwKxbuXgRc2rs
40,2018-05-12,Lithuania,MOVE_UP,1298.0,76cy1WJvNGJTj78UqeA5zr
41,2018-05-12,Lithuania,MOVE_UP,1294.0,4RhUWIJ1ogyBb4oki1gCm9
42,2018-05-12,Lithuania,MOVE_DOWN,1292.0,2URDbWGmPz3vhagl25p8OC
43,2018-05-12,Lithuania,MOVE_DOWN,1288.0,1t67WYNfUxfOiwaz7SJ66b
44,2018-05-12,Lithuania,MOVE_DOWN,1284.0,2815rSBccLxZc67jEWBEvD
45,2018-05-12,Lithuania,MOVE_UP,1278.0,4RgfBil6aN3o26M8t3KjGH
46,2018-05-12,Lithuania,MOVE_UP,1275.0,0u2P5u6lvoDfwTYjAADbn4
47,2018-05-12,Lithuania,NEW_ENTRY,1250.0,07qlsG6DYRLBbovwca9Vbr
48,2018-05-12,Lithuania,MOVE_UP,1221.0,3ee8Jmje8o58CHK66QrVC2
49,2018-05-12,Lithuania,MOVE_UP,1207.0,73F87Sqh6jQWucOOvz1WFx
50,2018-05-12,Lithuania,NEW_ENTRY,1187.0,5tNSU1bJKn1S42NyGSzShg
51,2018-05-12,Lithuania,MOVE_DOWN,1170.0,1YNQscOx6OqBQjxgJVhEeW
52,2018-05-12,Lithuania,MOVE_UP,1163.0,7Fg342AJtNsIDdwCfX0paC
53,2018-05-12,Lithuania,NEW_ENTRY,1162.0,0a4eEfoZEYCXte9Zk1r7YG
54,2018-05-12,Lithuania,MOVE_UP,1160.0,6n4U3TlzUGhdSFbUUhTvLP
55,2018-05-12,Lithuania,NEW_ENTRY,1145.0,6SCl3S0IAbPX7cLE6LjEOt
56,2018-05-12,Lithuania,MOVE_DOWN,1141.0,7yotKA30dwTKNEGomV9ZsI
57,2018-05-12,Lithuania,MOVE_UP,1137.0,1LhMopPAallLeaeNutqbgS
58,2018-05-12,Lithuania,MOVE_DOWN,1116.0,2HbYLDA1SigY1ilC94ieVu
59,2018-05-12,Lithuania,MOVE_DOWN,1106.0,0U6Vg6RUmzADUO0Y9fVKft
60,2018-05-12,Lithuania,MOVE_DOWN,1074.0,3GCdLUSnKSMJhs4Tj6CV3s
61,2018-05-12,Lithuania,MOVE_UP,1054.0,4qKcDkK6siZ7Jp1Jb4m0aL
62,2018-05-12,Lithuania,MOVE_DOWN,1036.0,5rqQTEIVK2PTuXU9GI2wT0
63,2018-05-12,Lithuania,MOVE_DOWN,1031.0,79jX8RM5CgPqDKdGEKNW9K
64,2018-05-12,Lithuania,NEW_ENTRY,1016.0,1HagMz5nWk1HmevNCBOxF3
65,2018-05-12,Lithuania,MOVE_DOWN,1005.0,2776nsJOmk3psqGSocg6lK
66,2018-05-12,Lithuania,MOVE_UP,1004.0,6SFStUDQZNaGPKWOx9ZiJB
1,2018-05-13,Lithuania,MOVE_UP,5007.0,0s3P5PImfDZYWIseR3b39D
2,2018-05-13,Lithuania,SAME_POSITION,4674.0,0b9oOr2ZgvyQu88wzixux9
3,2018-05-13,Lithuania,MOVE_DOWN,4635.0,7ef4DlsgrMEH11cDZd32M6
4,2018-05-13,Lithuania,MOVE_UP,3957.0,6zBdVVksaTQeAzwfszbovz
5,2018-05-13,Lithuania,MOVE_UP,3738.0,7vuTcvFnvlqWlWb4u60nvY
6,2018-05-13,Lithuania,MOVE_UP,3632.0,22ppznuzVF9LKamaaqMMqu
7,2018-05-13,Lithuania,MOVE_UP,3533.0,41gxXNTTz6LNVY2LIKoRHn
8,2018-05-13,Lithuania,MOVE_DOWN,3355.0,5vFiuwlEfEcEwPvS5e1icS
9,2018-05-13,Lithuania,MOVE_DOWN,3328.0,7dt6x5M1jzdTEt8oCbisTK
10,2018-05-13,Lithuania,MOVE_UP,3076.0,06GLoUz0gyKp3jQWTXiv0P
11,2018-05-13,Lithuania,MOVE_DOWN,3019.0,63SevszngYpZOwf63o61K4
12,2018-05-13,Lithuania,MOVE_UP,2680.0,07qlsG6DYRLBbovwca9Vbr
13,2018-05-13,Lithuania,MOVE_UP,2521.0,39qWzdNJSioJzfemhwXtDw
14,2018-05-13,Lithuania,MOVE_DOWN,2214.0,5SxkdsY1ufZzoq9iXceLw9
15,2018-05-13,Lithuania,MOVE_DOWN,2079.0,1cTZMwcBJT0Ka3UJPXOeeN
16,2018-05-13,Lithuania,MOVE_DOWN,2018.0,08bNPGLD8AhKpnnERrAc6G
17,2018-05-13,Lithuania,NEW_ENTRY,1898.0,6PV9CN9a7wHYPQvlXqkWwM
18,2018-05-13,Lithuania,MOVE_DOWN,1895.0,58q2HKrzhC3ozto2nDdN4z
19,2018-05-13,Lithuania,MOVE_DOWN,1868.0,3swc6WTsr7rl9DqQKQA55C
20,2018-05-13,Lithuania,MOVE_DOWN,1850.0,6xTU6B6nFwKKTSZ9ySXS80
21,2018-05-13,Lithuania,MOVE_DOWN,1819.0,0e7ipj03S05BNilyu5bRzt
22,2018-05-13,Lithuania,MOVE_DOWN,1727.0,2XW4DbS6NddZxRPm5rMCeY
23,2018-05-13,Lithuania,MOVE_DOWN,1721.0,45Egmo7icyopuzJN0oMEdk
24,2018-05-13,Lithuania,SAME_POSITION,1710.0,3Wf2YGdYT8xVdNsQSoRKk9
25,2018-05-13,Lithuania,MOVE_UP,1704.0,7kqujRWNEBhrpYt0eV0uw5
26,2018-05-13,Lithuania,MOVE_UP,1699.0,7jYLCd1CafwKxbuXgRc2rs
27,2018-05-13,Lithuania,MOVE_DOWN,1696.0,55S2PQgSMYAhgoTCcGCDfw
28,2018-05-13,Lithuania,MOVE_DOWN,1668.0,33IOhptvC2Qoy2UhjiHXLV
29,2018-05-13,Lithuania,MOVE_UP,1558.0,6SCl3S0IAbPX7cLE6LjEOt
30,2018-05-13,Lithuania,MOVE_DOWN,1552.0,5Z5nbOXhsSbySVC7WUc6y9
31,2018-05-13,Lithuania,MOVE_DOWN,1543.0,6Hgh47WXVKtXN5zGOu0hjI
32,2018-05-13,Lithuania,MOVE_UP,1510.0,0a4eEfoZEYCXte9Zk1r7YG
33,2018-05-13,Lithuania,MOVE_DOWN,1471.0,51cdazVlYWqmnsfrVaeTeG
34,2018-05-13,Lithuania,MOVE_DOWN,1447.0,0Y4hwUppbGc8aIBmiTz30A
35,2018-05-13,Lithuania,MOVE_DOWN,1430.0,4hQ6UGyWQIGJmHSo0J88JW
36,2018-05-13,Lithuania,MOVE_DOWN,1402.0,1gm616Plq4ScqNi7TVkZ5N
37,2018-05-13,Lithuania,MOVE_DOWN,1400.0,3fpVWegR6YOS1Yk5HSMYIq
38,2018-05-13,Lithuania,NEW_ENTRY,1306.0,1SI3Ukzq9vbi6d50pnczCN
39,2018-05-13,Lithuania,MOVE_DOWN,1305.0,2ARqIya5NAuvFVHSN3bL0m
40,2018-05-13,Lithuania,MOVE_UP,1292.0,0u2P5u6lvoDfwTYjAADbn4
41,2018-05-13,Lithuania,MOVE_UP,1285.0,5tNSU1bJKn1S42NyGSzShg
42,2018-05-13,Lithuania,MOVE_UP,1275.0,4RgfBil6aN3o26M8t3KjGH
43,2018-05-13,Lithuania,MOVE_DOWN,1251.0,18W92Zm1KjLCbUIszOhpkD
44,2018-05-13,Lithuania,MOVE_DOWN,1229.0,43cFjTTCD9Cni4aSL0sORz
45,2018-05-13,Lithuania,MOVE_DOWN,1224.0,4RhUWIJ1ogyBb4oki1gCm9
46,2018-05-13,Lithuania,MOVE_DOWN,1188.0,6RnkFd8Fqqgk1Uni8RgqCQ
47,2018-05-13,Lithuania,MOVE_UP,1153.0,73F87Sqh6jQWucOOvz1WFx
48,2018-05-13,Lithuania,MOVE_DOWN,1139.0,0b93tWwuoAC0nXe1CfR30I
49,2018-05-13,Lithuania,MOVE_DOWN,1132.0,5CLGzJsGqhCEECcpnFQA8x
50,2018-05-13,Lithuania,NEW_ENTRY,1118.0,7mQTKBtkGebPMHJ2DO3HM3
51,2018-05-13,Lithuania,MOVE_DOWN,1117.0,2815rSBccLxZc67jEWBEvD
52,2018-05-13,Lithuania,MOVE_DOWN,1081.0,3ee8Jmje8o58CHK66QrVC2
53,2018-05-13,Lithuania,MOVE_DOWN,1059.0,1t67WYNfUxfOiwaz7SJ66b
54,2018-05-13,Lithuania,MOVE_DOWN,1057.0,2URDbWGmPz3vhagl25p8OC
55,2018-05-13,Lithuania,MOVE_UP,1056.0,2776nsJOmk3psqGSocg6lK
56,2018-05-13,Lithuania,MOVE_DOWN,1046.0,1YNQscOx6OqBQjxgJVhEeW
57,2018-05-13,Lithuania,MOVE_DOWN,1045.0,76cy1WJvNGJTj78UqeA5zr
1,2018-05-14,Lithuania,MOVE_UP,5431.0,0b9oOr2ZgvyQu88wzixux9
2,2018-05-14,Lithuania,MOVE_DOWN,5409.0,0s3P5PImfDZYWIseR3b39D
3,2018-05-14,Lithuania,SAME_POSITION,4857.0,7ef4DlsgrMEH11cDZd32M6
4,2018-05-14,Lithuania,SAME_POSITION,4154.0,6zBdVVksaTQeAzwfszbovz
5,2018-05-14,Lithuania,MOVE_UP,3919.0,7dt6x5M1jzdTEt8oCbisTK
6,2018-05-14,Lithuania,SAME_POSITION,3619.0,22ppznuzVF9LKamaaqMMqu
7,2018-05-14,Lithuania,SAME_POSITION,3482.0,41gxXNTTz6LNVY2LIKoRHn
8,2018-05-14,Lithuania,MOVE_UP,3375.0,06GLoUz0gyKp3jQWTXiv0P
9,2018-05-14,Lithuania,MOVE_UP,3261.0,63SevszngYpZOwf63o61K4
10,2018-05-14,Lithuania,MOVE_DOWN,3169.0,5vFiuwlEfEcEwPvS5e1icS
11,2018-05-14,Lithuania,MOVE_DOWN,3127.0,7vuTcvFnvlqWlWb4u60nvY
12,2018-05-14,Lithuania,SAME_POSITION,2493.0,07qlsG6DYRLBbovwca9Vbr
13,2018-05-14,Lithuania,SAME_POSITION,2481.0,39qWzdNJSioJzfemhwXtDw
14,2018-05-14,Lithuania,MOVE_UP,2446.0,1cTZMwcBJT0Ka3UJPXOeeN
15,2018-05-14,Lithuania,MOVE_DOWN,2368.0,5SxkdsY1ufZzoq9iXceLw9
16,2018-05-14,Lithuania,SAME_POSITION,2114.0,08bNPGLD8AhKpnnERrAc6G
17,2018-05-14,Lithuania,SAME_POSITION,2076.0,6PV9CN9a7wHYPQvlXqkWwM
18,2018-05-14,Lithuania,SAME_POSITION,2051.0,58q2HKrzhC3ozto2nDdN4z
19,2018-05-14,Lithuania,SAME_POSITION,1989.0,3swc6WTsr7rl9DqQKQA55C
20,2018-05-14,Lithuania,SAME_POSITION,1979.0,6xTU6B6nFwKKTSZ9ySXS80
21,2018-05-14,Lithuania,MOVE_UP,1927.0,3Wf2YGdYT8xVdNsQSoRKk9
22,2018-05-14,Lithuania,MOVE_UP,1882.0,5Z5nbOXhsSbySVC7WUc6y9
23,2018-05-14,Lithuania,MOVE_DOWN,1874.0,0e7ipj03S05BNilyu5bRzt
24,2018-05-14,Lithuania,MOVE_UP,1828.0,33IOhptvC2Qoy2UhjiHXLV
25,2018-05-14,Lithuania,MOVE_UP,1820.0,55S2PQgSMYAhgoTCcGCDfw
26,2018-05-14,Lithuania,MOVE_DOWN,1814.0,45Egmo7icyopuzJN0oMEdk
27,2018-05-14,Lithuania,MOVE_DOWN,1803.0,7kqujRWNEBhrpYt0eV0uw5
28,2018-05-14,Lithuania,MOVE_DOWN,1789.0,2XW4DbS6NddZxRPm5rMCeY
29,2018-05-14,Lithuania,MOVE_UP,1689.0,6Hgh47WXVKtXN5zGOu0hjI
30,2018-05-14,Lithuania,MOVE_UP,1661.0,1gm616Plq4ScqNi7TVkZ5N
31,2018-05-14,Lithuania,MOVE_DOWN,1576.0,7jYLCd1CafwKxbuXgRc2rs
32,2018-05-14,Lithuania,MOVE_DOWN,1548.0,6SCl3S0IAbPX7cLE6LjEOt
33,2018-05-14,Lithuania,MOVE_UP,1462.0,3fpVWegR6YOS1Yk5HSMYIq
34,2018-05-14,Lithuania,MOVE_UP,1437.0,4hQ6UGyWQIGJmHSo0J88JW
35,2018-05-14,Lithuania,MOVE_UP,1418.0,0b93tWwuoAC0nXe1CfR30I
36,2018-05-14,Lithuania,MOVE_DOWN,1415.0,0a4eEfoZEYCXte9Zk1r7YG
37,2018-05-14,Lithuania,MOVE_UP,1390.0,2815rSBccLxZc67jEWBEvD
38,2018-05-14,Lithuania,MOVE_UP,1384.0,2ARqIya5NAuvFVHSN3bL0m
39,2018-05-14,Lithuania,MOVE_DOWN,1367.0,0Y4hwUppbGc8aIBmiTz30A
40,2018-05-14,Lithuania,MOVE_DOWN,1363.0,51cdazVlYWqmnsfrVaeTeG
41,2018-05-14,Lithuania,MOVE_DOWN,1350.0,0u2P5u6lvoDfwTYjAADbn4
42,2018-05-14,Lithuania,MOVE_UP,1337.0,5CLGzJsGqhCEECcpnFQA8x
43,2018-05-14,Lithuania,MOVE_UP,1303.0,43cFjTTCD9Cni4aSL0sORz
44,2018-05-14,Lithuania,MOVE_UP,1281.0,73F87Sqh6jQWucOOvz1WFx
45,2018-05-14,Lithuania,NEW_ENTRY,1245.0,6QgjcU0zLnzq5OrUoSZ3OK
46,2018-05-14,Lithuania,MOVE_DOWN,1240.0,1SI3Ukzq9vbi6d50pnczCN
47,2018-05-14,Lithuania,MOVE_UP,1219.0,1t67WYNfUxfOiwaz7SJ66b
48,2018-05-14,Lithuania,MOVE_UP,1199.0,2URDbWGmPz3vhagl25p8OC
49,2018-05-14,Lithuania,MOVE_DOWN,1187.0,5tNSU1bJKn1S42NyGSzShg
50,2018-05-14,Lithuania,MOVE_DOWN,1179.0,4RgfBil6aN3o26M8t3KjGH
51,2018-05-14,Lithuania,MOVE_UP,1177.0,76cy1WJvNGJTj78UqeA5zr
52,2018-05-14,Lithuania,MOVE_DOWN,1148.0,6RnkFd8Fqqgk1Uni8RgqCQ
53,2018-05-14,Lithuania,MOVE_DOWN,1145.0,4RhUWIJ1ogyBb4oki1gCm9
54,2018-05-14,Lithuania,MOVE_DOWN,1136.0,18W92Zm1KjLCbUIszOhpkD
55,2018-05-14,Lithuania,NEW_ENTRY,1100.0,7Fg342AJtNsIDdwCfX0paC
56,2018-05-14,Lithuania,MOVE_DOWN,1075.0,2776nsJOmk3psqGSocg6lK
57,2018-05-14,Lithuania,MOVE_DOWN,1071.0,3ee8Jmje8o58CHK66QrVC2
58,2018-05-14,Lithuania,NEW_ENTRY,1068.0,3GCdLUSnKSMJhs4Tj6CV3s
59,2018-05-14,Lithuania,NEW_ENTRY,1067.0,6n4U3TlzUGhdSFbUUhTvLP
60,2018-05-14,Lithuania,MOVE_DOWN,1066.0,7mQTKBtkGebPMHJ2DO3HM3
61,2018-05-14,Lithuania,NEW_ENTRY,1061.0,6SFStUDQZNaGPKWOx9ZiJB
62,2018-05-14,Lithuania,NEW_ENTRY,1053.0,79jX8RM5CgPqDKdGEKNW9K
63,2018-05-14,Lithuania,NEW_ENTRY,1052.0,7yotKA30dwTKNEGomV9ZsI
64,2018-05-14,Lithuania,MOVE_DOWN,1045.0,1YNQscOx6OqBQjxgJVhEeW
65,2018-05-14,Lithuania,NEW_ENTRY,1017.0,0CZ8lquoTX2Dkg7Ak2inwA
66,2018-05-14,Lithuania,NEW_ENTRY,1002.0,4qKcDkK6siZ7Jp1Jb4m0aL
1,2018-05-15,Lithuania,SAME_POSITION,5432.0,0b9oOr2ZgvyQu88wzixux9
2,2018-05-15,Lithuania,MOVE_UP,5212.0,7ef4DlsgrMEH11cDZd32M6
3,2018-05-15,Lithuania,MOVE_UP,4158.0,7dt6x5M1jzdTEt8oCbisTK
4,2018-05-15,Lithuania,MOVE_DOWN,4095.0,0s3P5PImfDZYWIseR3b39D
5,2018-05-15,Lithuania,MOVE_UP,3672.0,63SevszngYpZOwf63o61K4
6,2018-05-15,Lithuania,MOVE_DOWN,3467.0,6zBdVVksaTQeAzwfszbovz
7,2018-05-15,Lithuania,MOVE_DOWN,2952.0,22ppznuzVF9LKamaaqMMqu
8,2018-05-15,Lithuania,MOVE_DOWN,2884.0,41gxXNTTz6LNVY2LIKoRHn
9,2018-05-15,Lithuania,MOVE_DOWN,2840.0,06GLoUz0gyKp3jQWTXiv0P
10,2018-05-15,Lithuania,MOVE_UP,2663.0,5SxkdsY1ufZzoq9iXceLw9
11,2018-05-15,Lithuania,MOVE_UP,2565.0,1cTZMwcBJT0Ka3UJPXOeeN
12,2018-05-15,Lithuania,MOVE_DOWN,2470.0,5vFiuwlEfEcEwPvS5e1icS
13,2018-05-15,Lithuania,MOVE_DOWN,2375.0,7vuTcvFnvlqWlWb4u60nvY
14,2018-05-15,Lithuania,MOVE_UP,2229.0,55S2PQgSMYAhgoTCcGCDfw
15,2018-05-15,Lithuania,MOVE_UP,2184.0,08bNPGLD8AhKpnnERrAc6G
16,2018-05-15,Lithuania,MOVE_UP,2152.0,6xTU6B6nFwKKTSZ9ySXS80
17,2018-05-15,Lithuania,MOVE_UP,2135.0,45Egmo7icyopuzJN0oMEdk
18,2018-05-15,Lithuania,SAME_POSITION,2118.0,58q2HKrzhC3ozto2nDdN4z
19,2018-05-15,Lithuania,MOVE_UP,2102.0,3Wf2YGdYT8xVdNsQSoRKk9
20,2018-05-15,Lithuania,MOVE_UP,2082.0,6Hgh47WXVKtXN5zGOu0hjI
21,2018-05-15,Lithuania,MOVE_UP,2068.0,33IOhptvC2Qoy2UhjiHXLV
22,2018-05-15,Lithuania,MOVE_DOWN,2041.0,07qlsG6DYRLBbovwca9Vbr
23,2018-05-15,Lithuania,MOVE_DOWN,2031.0,39qWzdNJSioJzfemhwXtDw
24,2018-05-15,Lithuania,MOVE_UP,1910.0,4hQ6UGyWQIGJmHSo0J88JW
25,2018-05-15,Lithuania,MOVE_DOWN,1890.0,3swc6WTsr7rl9DqQKQA55C
26,2018-05-15,Lithuania,MOVE_DOWN,1859.0,0e7ipj03S05BNilyu5bRzt
27,2018-05-15,Lithuania,MOVE_UP,1815.0,1gm616Plq4ScqNi7TVkZ5N
28,2018-05-15,Lithuania,MOVE_UP,1801.0,43cFjTTCD9Cni4aSL0sORz
29,2018-05-15,Lithuania,MOVE_DOWN,1769.0,5Z5nbOXhsSbySVC7WUc6y9
30,2018-05-15,Lithuania,MOVE_DOWN,1725.0,2XW4DbS6NddZxRPm5rMCeY
31,2018-05-15,Lithuania,MOVE_UP,1677.0,0u2P5u6lvoDfwTYjAADbn4
32,2018-05-15,Lithuania,MOVE_DOWN,1665.0,6PV9CN9a7wHYPQvlXqkWwM
33,2018-05-15,Lithuania,SAME_POSITION,1645.0,3fpVWegR6YOS1Yk5HSMYIq
34,2018-05-15,Lithuania,MOVE_UP,1575.0,2ARqIya5NAuvFVHSN3bL0m
35,2018-05-15,Lithuania,MOVE_UP,1573.0,1YNQscOx6OqBQjxgJVhEeW
36,2018-05-15,Lithuania,MOVE_UP,1551.0,2815rSBccLxZc67jEWBEvD
37,2018-05-15,Lithuania,MOVE_UP,1486.0,0Y4hwUppbGc8aIBmiTz30A
38,2018-05-15,Lithuania,MOVE_DOWN,1451.0,7kqujRWNEBhrpYt0eV0uw5
39,2018-05-15,Lithuania,MOVE_UP,1397.0,5CLGzJsGqhCEECcpnFQA8x
40,2018-05-15,Lithuania,MOVE_DOWN,1372.0,7jYLCd1CafwKxbuXgRc2rs
41,2018-05-15,Lithuania,MOVE_UP,1350.0,73F87Sqh6jQWucOOvz1WFx
42,2018-05-15,Lithuania,MOVE_UP,1324.0,6RnkFd8Fqqgk1Uni8RgqCQ
43,2018-05-15,Lithuania,MOVE_UP,1297.0,7Fg342AJtNsIDdwCfX0paC
44,2018-05-15,Lithuania,NEW_ENTRY,1273.0,01k24g94i1JvkFLQmVEdCd
45,2018-05-15,Lithuania,MOVE_UP,1247.0,18W92Zm1KjLCbUIszOhpkD
46,2018-05-15,Lithuania,MOVE_UP,1214.0,0CZ8lquoTX2Dkg7Ak2inwA
47,2018-05-15,Lithuania,MOVE_DOWN,1210.0,6SCl3S0IAbPX7cLE6LjEOt
48,2018-05-15,Lithuania,MOVE_UP,1201.0,79jX8RM5CgPqDKdGEKNW9K
49,2018-05-15,Lithuania,NEW_ENTRY,1193.0,3pWcj8hxj3fsb9TDAcMpEl
50,2018-05-15,Lithuania,MOVE_UP,1185.0,6SFStUDQZNaGPKWOx9ZiJB
51,2018-05-15,Lithuania,MOVE_DOWN,1157.0,0a4eEfoZEYCXte9Zk1r7YG
52,2018-05-15,Lithuania,NEW_ENTRY,1149.0,1LhMopPAallLeaeNutqbgS
53,2018-05-15,Lithuania,MOVE_UP,1131.0,3ee8Jmje8o58CHK66QrVC2
54,2018-05-15,Lithuania,MOVE_UP,1129.0,3GCdLUSnKSMJhs4Tj6CV3s
55,2018-05-15,Lithuania,MOVE_UP,1127.0,7yotKA30dwTKNEGomV9ZsI
56,2018-05-15,Lithuania,MOVE_DOWN,1125.0,76cy1WJvNGJTj78UqeA5zr
57,2018-05-15,Lithuania,MOVE_DOWN,1122.0,1t67WYNfUxfOiwaz7SJ66b
58,2018-05-15,Lithuania,MOVE_UP,1107.0,6n4U3TlzUGhdSFbUUhTvLP
59,2018-05-15,Lithuania,MOVE_DOWN,1099.0,0b93tWwuoAC0nXe1CfR30I
60,2018-05-15,Lithuania,NEW_ENTRY,1069.0,083Qf6hn6sFL6xiOHlZUyn
61,2018-05-15,Lithuania,MOVE_DOWN,1056.0,51cdazVlYWqmnsfrVaeTeG
62,2018-05-15,Lithuania,MOVE_UP,1050.0,4qKcDkK6siZ7Jp1Jb4m0aL
63,2018-05-15,Lithuania,NEW_ENTRY,1043.0,5PTG6rrL6EPFD9E2QMI2pl
64,2018-05-15,Lithuania,NEW_ENTRY,1040.0,6mAz8D1TmlTuef90dbNIiZ
65,2018-05-15,Lithuania,NEW_ENTRY,1029.0,6NFyWDv5CjfwuzoCkw47Xf
66,2018-05-15,Lithuania,NEW_ENTRY,1029.0,2OvV4NjEBRE9v8Oo7QeUCq
67,2018-05-15,Lithuania,MOVE_DOWN,1027.0,4RhUWIJ1ogyBb4oki1gCm9
68,2018-05-15,Lithuania,NEW_ENTRY,1025.0,2xmrfQpmS2iJExTlklLoAL
69,2018-05-15,Lithuania,MOVE_DOWN,1009.0,1SI3Ukzq9vbi6d50pnczCN
1,2018-05-16,Lithuania,SAME_POSITION,5453.0,0b9oOr2ZgvyQu88wzixux9
2,2018-05-16,Lithuania,SAME_POSITION,5134.0,7ef4DlsgrMEH11cDZd32M6
3,2018-05-16,Lithuania,SAME_POSITION,4241.0,7dt6x5M1jzdTEt8oCbisTK
4,2018-05-16,Lithuania,MOVE_UP,3448.0,63SevszngYpZOwf63o61K4
5,2018-05-16,Lithuania,MOVE_DOWN,3425.0,0s3P5PImfDZYWIseR3b39D
6,2018-05-16,Lithuania,SAME_POSITION,2975.0,6zBdVVksaTQeAzwfszbovz
7,2018-05-16,Lithuania,MOVE_UP,2767.0,5SxkdsY1ufZzoq9iXceLw9
8,2018-05-16,Lithuania,MOVE_DOWN,2669.0,22ppznuzVF9LKamaaqMMqu
9,2018-05-16,Lithuania,MOVE_UP,2596.0,1cTZMwcBJT0Ka3UJPXOeeN
10,2018-05-16,Lithuania,MOVE_DOWN,2350.0,06GLoUz0gyKp3jQWTXiv0P
11,2018-05-16,Lithuania,MOVE_DOWN,2257.0,41gxXNTTz6LNVY2LIKoRHn
12,2018-05-16,Lithuania,MOVE_UP,2252.0,55S2PQgSMYAhgoTCcGCDfw
13,2018-05-16,Lithuania,MOVE_UP,2173.0,08bNPGLD8AhKpnnERrAc6G
14,2018-05-16,Lithuania,MOVE_UP,2171.0,58q2HKrzhC3ozto2nDdN4z
15,2018-05-16,Lithuania,MOVE_UP,2159.0,6xTU6B6nFwKKTSZ9ySXS80
16,2018-05-16,Lithuania,MOVE_UP,2071.0,3Wf2YGdYT8xVdNsQSoRKk9
17,2018-05-16,Lithuania,MOVE_UP,2068.0,33IOhptvC2Qoy2UhjiHXLV
18,2018-05-16,Lithuania,MOVE_DOWN,2066.0,5vFiuwlEfEcEwPvS5e1icS
19,2018-05-16,Lithuania,MOVE_UP,2016.0,6Hgh47WXVKtXN5zGOu0hjI
20,2018-05-16,Lithuania,MOVE_DOWN,1983.0,45Egmo7icyopuzJN0oMEdk
21,2018-05-16,Lithuania,MOVE_DOWN,1973.0,7vuTcvFnvlqWlWb4u60nvY
22,2018-05-16,Lithuania,MOVE_UP,1929.0,4hQ6UGyWQIGJmHSo0J88JW
23,2018-05-16,Lithuania,MOVE_UP,1847.0,3swc6WTsr7rl9DqQKQA55C
24,2018-05-16,Lithuania,MOVE_UP,1790.0,2XW4DbS6NddZxRPm5rMCeY
25,2018-05-16,Lithuania,MOVE_UP,1754.0,0e7ipj03S05BNilyu5bRzt
26,2018-05-16,Lithuania,MOVE_UP,1719.0,1gm616Plq4ScqNi7TVkZ5N
27,2018-05-16,Lithuania,MOVE_UP,1674.0,43cFjTTCD9Cni4aSL0sORz
28,2018-05-16,Lithuania,MOVE_UP,1657.0,2815rSBccLxZc67jEWBEvD
29,2018-05-16,Lithuania,MOVE_UP,1645.0,1YNQscOx6OqBQjxgJVhEeW
30,2018-05-16,Lithuania,MOVE_UP,1630.0,0u2P5u6lvoDfwTYjAADbn4
31,2018-05-16,Lithuania,MOVE_UP,1590.0,0Y4hwUppbGc8aIBmiTz30A
32,2018-05-16,Lithuania,MOVE_DOWN,1574.0,5Z5nbOXhsSbySVC7WUc6y9
33,2018-05-16,Lithuania,MOVE_DOWN,1572.0,39qWzdNJSioJzfemhwXtDw
34,2018-05-16,Lithuania,SAME_POSITION,1553.0,2ARqIya5NAuvFVHSN3bL0m
35,2018-05-16,Lithuania,MOVE_DOWN,1526.0,07qlsG6DYRLBbovwca9Vbr
36,2018-05-16,Lithuania,MOVE_DOWN,1523.0,3fpVWegR6YOS1Yk5HSMYIq
37,2018-05-16,Lithuania,MOVE_UP,1487.0,73F87Sqh6jQWucOOvz1WFx
38,2018-05-16,Lithuania,MOVE_DOWN,1329.0,6PV9CN9a7wHYPQvlXqkWwM
39,2018-05-16,Lithuania,MOVE_UP,1305.0,01k24g94i1JvkFLQmVEdCd
40,2018-05-16,Lithuania,MOVE_UP,1304.0,6RnkFd8Fqqgk1Uni8RgqCQ
41,2018-05-16,Lithuania,MOVE_DOWN,1281.0,5CLGzJsGqhCEECcpnFQA8x
42,2018-05-16,Lithuania,MOVE_UP,1217.0,3pWcj8hxj3fsb9TDAcMpEl
43,2018-05-16,Lithuania,MOVE_UP,1176.0,6SFStUDQZNaGPKWOx9ZiJB
44,2018-05-16,Lithuania,MOVE_UP,1162.0,0CZ8lquoTX2Dkg7Ak2inwA
45,2018-05-16,Lithuania,MOVE_DOWN,1150.0,7Fg342AJtNsIDdwCfX0paC
46,2018-05-16,Lithuania,MOVE_UP,1122.0,79jX8RM5CgPqDKdGEKNW9K
47,2018-05-16,Lithuania,MOVE_DOWN,1110.0,7kqujRWNEBhrpYt0eV0uw5
48,2018-05-16,Lithuania,MOVE_UP,1103.0,7yotKA30dwTKNEGomV9ZsI
49,2018-05-16,Lithuania,MOVE_DOWN,1097.0,18W92Zm1KjLCbUIszOhpkD
50,2018-05-16,Lithuania,MOVE_UP,1087.0,76cy1WJvNGJTj78UqeA5zr
51,2018-05-16,Lithuania,NEW_ENTRY,1084.0,4H7WNRErSbONkM06blBoGc
52,2018-05-16,Lithuania,MOVE_UP,1080.0,6n4U3TlzUGhdSFbUUhTvLP
53,2018-05-16,Lithuania,MOVE_UP,1080.0,3GCdLUSnKSMJhs4Tj6CV3s
54,2018-05-16,Lithuania,MOVE_DOWN,1076.0,1LhMopPAallLeaeNutqbgS
55,2018-05-16,Lithuania,MOVE_DOWN,1063.0,3ee8Jmje8o58CHK66QrVC2
56,2018-05-16,Lithuania,MOVE_UP,1059.0,4qKcDkK6siZ7Jp1Jb4m0aL
57,2018-05-16,Lithuania,MOVE_UP,1051.0,2OvV4NjEBRE9v8Oo7QeUCq
58,2018-05-16,Lithuania,NEW_ENTRY,1031.0,6QgjcU0zLnzq5OrUoSZ3OK
59,2018-05-16,Lithuania,MOVE_DOWN,1029.0,7jYLCd1CafwKxbuXgRc2rs
60,2018-05-16,Lithuania,MOVE_UP,1005.0,6mAz8D1TmlTuef90dbNIiZ
61,2018-05-16,Lithuania,MOVE_UP,1004.0,5PTG6rrL6EPFD9E2QMI2pl
1,2018-05-17,Lithuania,MOVE_UP,5600.0,7ef4DlsgrMEH11cDZd32M6
2,2018-05-17,Lithuania,MOVE_DOWN,5207.0,0b9oOr2ZgvyQu88wzixux9
3,2018-05-17,Lithuania,SAME_POSITION,4094.0,7dt6x5M1jzdTEt8oCbisTK
4,2018-05-17,Lithuania,SAME_POSITION,3784.0,63SevszngYpZOwf63o61K4
5,2018-05-17,Lithuania,SAME_POSITION,2952.0,0s3P5PImfDZYWIseR3b39D
6,2018-05-17,Lithuania,MOVE_UP,2652.0,5SxkdsY1ufZzoq9iXceLw9
7,2018-05-17,Lithuania,MOVE_DOWN,2614.0,6zBdVVksaTQeAzwfszbovz
8,2018-05-17,Lithuania,MOVE_UP,2544.0,1cTZMwcBJT0Ka3UJPXOeeN
9,2018-05-17,Lithuania,MOVE_DOWN,2463.0,22ppznuzVF9LKamaaqMMqu
10,2018-05-17,Lithuania,MOVE_UP,2327.0,6xTU6B6nFwKKTSZ9ySXS80
11,2018-05-17,Lithuania,MOVE_UP,2179.0,55S2PQgSMYAhgoTCcGCDfw
12,2018-05-17,Lithuania,MOVE_UP,2124.0,33IOhptvC2Qoy2UhjiHXLV
13,2018-05-17,Lithuania,MOVE_UP,2059.0,45Egmo7icyopuzJN0oMEdk
14,2018-05-17,Lithuania,MOVE_UP,2055.0,3Wf2YGdYT8xVdNsQSoRKk9
15,2018-05-17,Lithuania,MOVE_DOWN,2032.0,58q2HKrzhC3ozto2nDdN4z
16,2018-05-17,Lithuania,MOVE_DOWN,2031.0,08bNPGLD8AhKpnnERrAc6G
17,2018-05-17,Lithuania,MOVE_UP,1911.0,6Hgh47WXVKtXN5zGOu0hjI
18,2018-05-17,Lithuania,MOVE_DOWN,1886.0,41gxXNTTz6LNVY2LIKoRHn
19,2018-05-17,Lithuania,MOVE_DOWN,1863.0,06GLoUz0gyKp3jQWTXiv0P
20,2018-05-17,Lithuania,MOVE_UP,1853.0,0e7ipj03S05BNilyu5bRzt
21,2018-05-17,Lithuania,MOVE_UP,1811.0,4hQ6UGyWQIGJmHSo0J88JW
22,2018-05-17,Lithuania,MOVE_UP,1795.0,3swc6WTsr7rl9DqQKQA55C
23,2018-05-17,Lithuania,MOVE_DOWN,1784.0,5vFiuwlEfEcEwPvS5e1icS
24,2018-05-17,Lithuania,MOVE_UP,1769.0,1gm616Plq4ScqNi7TVkZ5N
25,2018-05-17,Lithuania,MOVE_DOWN,1750.0,7vuTcvFnvlqWlWb4u60nvY
26,2018-05-17,Lithuania,MOVE_DOWN,1737.0,2XW4DbS6NddZxRPm5rMCeY
27,2018-05-17,Lithuania,MOVE_UP,1644.0,0Y4hwUppbGc8aIBmiTz30A
28,2018-05-17,Lithuania,MOVE_UP,1627.0,6RnkFd8Fqqgk1Uni8RgqCQ
29,2018-05-17,Lithuania,MOVE_DOWN,1624.0,2815rSBccLxZc67jEWBEvD
30,2018-05-17,Lithuania,MOVE_UP,1617.0,18W92Zm1KjLCbUIszOhpkD
31,2018-05-17,Lithuania,MOVE_DOWN,1602.0,0u2P5u6lvoDfwTYjAADbn4
32,2018-05-17,Lithuania,MOVE_UP,1531.0,2ARqIya5NAuvFVHSN3bL0m
33,2018-05-17,Lithuania,MOVE_DOWN,1512.0,43cFjTTCD9Cni4aSL0sORz
34,2018-05-17,Lithuania,MOVE_UP,1461.0,3fpVWegR6YOS1Yk5HSMYIq
35,2018-05-17,Lithuania,MOVE_DOWN,1460.0,1YNQscOx6OqBQjxgJVhEeW
36,2018-05-17,Lithuania,MOVE_DOWN,1457.0,5Z5nbOXhsSbySVC7WUc6y9
37,2018-05-17,Lithuania,SAME_POSITION,1408.0,73F87Sqh6jQWucOOvz1WFx
38,2018-05-17,Lithuania,MOVE_UP,1405.0,76cy1WJvNGJTj78UqeA5zr
39,2018-05-17,Lithuania,MOVE_UP,1310.0,0CZ8lquoTX2Dkg7Ak2inwA
40,2018-05-17,Lithuania,MOVE_DOWN,1306.0,39qWzdNJSioJzfemhwXtDw
41,2018-05-17,Lithuania,SAME_POSITION,1293.0,5CLGzJsGqhCEECcpnFQA8x
42,2018-05-17,Lithuania,MOVE_UP,1291.0,6SFStUDQZNaGPKWOx9ZiJB
43,2018-05-17,Lithuania,MOVE_DOWN,1264.0,3pWcj8hxj3fsb9TDAcMpEl
44,2018-05-17,Lithuania,MOVE_DOWN,1258.0,07qlsG6DYRLBbovwca9Vbr
45,2018-05-17,Lithuania,SAME_POSITION,1179.0,7Fg342AJtNsIDdwCfX0paC
46,2018-05-17,Lithuania,MOVE_DOWN,1128.0,6PV9CN9a7wHYPQvlXqkWwM
47,2018-05-17,Lithuania,MOVE_DOWN,1118.0,01k24g94i1JvkFLQmVEdCd
48,2018-05-17,Lithuania,MOVE_UP,1112.0,3GCdLUSnKSMJhs4Tj6CV3s
49,2018-05-17,Lithuania,MOVE_UP,1106.0,3ee8Jmje8o58CHK66QrVC2
50,2018-05-17,Lithuania,MOVE_DOWN,1095.0,79jX8RM5CgPqDKdGEKNW9K
51,2018-05-17,Lithuania,MOVE_UP,1066.0,6n4U3TlzUGhdSFbUUhTvLP
52,2018-05-17,Lithuania,NEW_ENTRY,1054.0,1HagMz5nWk1HmevNCBOxF3
53,2018-05-17,Lithuania,MOVE_DOWN,1042.0,7yotKA30dwTKNEGomV9ZsI
54,2018-05-17,Lithuania,MOVE_UP,1023.0,4qKcDkK6siZ7Jp1Jb4m0aL
55,2018-05-17,Lithuania,MOVE_UP,1008.0,6QgjcU0zLnzq5OrUoSZ3OK
1,2018-05-18,Lithuania,SAME_POSITION,5337.0,7ef4DlsgrMEH11cDZd32M6
2,2018-05-18,Lithuania,SAME_POSITION,4963.0,0b9oOr2ZgvyQu88wzixux9
3,2018-05-18,Lithuania,SAME_POSITION,4015.0,7dt6x5M1jzdTEt8oCbisTK
4,2018-05-18,Lithuania,SAME_POSITION,3721.0,63SevszngYpZOwf63o61K4
5,2018-05-18,Lithuania,SAME_POSITION,2649.0,0s3P5PImfDZYWIseR3b39D
6,2018-05-18,Lithuania,SAME_POSITION,2578.0,5SxkdsY1ufZzoq9iXceLw9
7,2018-05-18,Lithuania,MOVE_UP,2454.0,1cTZMwcBJT0Ka3UJPXOeeN
8,2018-05-18,Lithuania,MOVE_DOWN,2374.0,6zBdVVksaTQeAzwfszbovz
9,2018-05-18,Lithuania,MOVE_UP,2257.0,55S2PQgSMYAhgoTCcGCDfw
10,2018-05-18,Lithuania,MOVE_DOWN,2245.0,22ppznuzVF9LKamaaqMMqu
11,2018-05-18,Lithuania,MOVE_UP,2130.0,58q2HKrzhC3ozto2nDdN4z
12,2018-05-18,Lithuania,MOVE_DOWN,2123.0,6xTU6B6nFwKKTSZ9ySXS80
13,2018-05-18,Lithuania,NEW_ENTRY,2117.0,3aW0ds4A4tSQDIp75FqWTo
14,2018-05-18,Lithuania,NEW_ENTRY,2099.0,6kPJZM97LwdG9QIsT7khp6
15,2018-05-18,Lithuania,MOVE_DOWN,2083.0,3Wf2YGdYT8xVdNsQSoRKk9
16,2018-05-18,Lithuania,SAME_POSITION,2048.0,08bNPGLD8AhKpnnERrAc6G
17,2018-05-18,Lithuania,MOVE_DOWN,2006.0,33IOhptvC2Qoy2UhjiHXLV
18,2018-05-18,Lithuania,MOVE_DOWN,1984.0,45Egmo7icyopuzJN0oMEdk
19,2018-05-18,Lithuania,NEW_ENTRY,1971.0,6XlSyYFTU1nodeWwwzVgTV
20,2018-05-18,Lithuania,MOVE_UP,1912.0,514rhnksEwHUh6LxXsQ4Y9
21,2018-05-18,Lithuania,MOVE_UP,1906.0,2XW4DbS6NddZxRPm5rMCeY
22,2018-05-18,Lithuania,MOVE_DOWN,1880.0,0e7ipj03S05BNilyu5bRzt
23,2018-05-18,Lithuania,MOVE_DOWN,1865.0,6Hgh47WXVKtXN5zGOu0hjI
24,2018-05-18,Lithuania,MOVE_DOWN,1826.0,3swc6WTsr7rl9DqQKQA55C
25,2018-05-18,Lithuania,NEW_ENTRY,1815.0,6vN77lE9LK6HP2DewaN6HZ
26,2018-05-18,Lithuania,MOVE_DOWN,1783.0,1gm616Plq4ScqNi7TVkZ5N
27,2018-05-18,Lithuania,NEW_ENTRY,1772.0,48XfojJC87VKLlUotYV0Gm
28,2018-05-18,Lithuania,NEW_ENTRY,1713.0,4kWO6O1BUXcZmaxitpVUwp
29,2018-05-18,Lithuania,MOVE_DOWN,1677.0,41gxXNTTz6LNVY2LIKoRHn
30,2018-05-18,Lithuania,MOVE_DOWN,1635.0,06GLoUz0gyKp3jQWTXiv0P
31,2018-05-18,Lithuania,MOVE_UP,1578.0,4F1yvJfQ7gJkrcgFJQDjOr
32,2018-05-18,Lithuania,MOVE_DOWN,1568.0,5vFiuwlEfEcEwPvS5e1icS
33,2018-05-18,Lithuania,MOVE_DOWN,1556.0,0u2P5u6lvoDfwTYjAADbn4
34,2018-05-18,Lithuania,NEW_ENTRY,1547.0,1trFxVLL8WKhYap543e74l
35,2018-05-18,Lithuania,NEW_ENTRY,1545.0,5DR5ROdgm8iSxhZKLXEIbi
36,2018-05-18,Lithuania,MOVE_DOWN,1542.0,2815rSBccLxZc67jEWBEvD
37,2018-05-18,Lithuania,NEW_ENTRY,1511.0,38td8VabuKlQt72Q2VnhbO
38,2018-05-18,Lithuania,MOVE_DOWN,1497.0,7vuTcvFnvlqWlWb4u60nvY
39,2018-05-18,Lithuania,MOVE_DOWN,1467.0,6RnkFd8Fqqgk1Uni8RgqCQ
40,2018-05-18,Lithuania,NEW_ENTRY,1456.0,01dmH2IPkrLNWIMPNXlreE
41,2018-05-18,Lithuania,MOVE_DOWN,1452.0,76cy1WJvNGJTj78UqeA5zr
42,2018-05-18,Lithuania,MOVE_DOWN,1442.0,2ARqIya5NAuvFVHSN3bL0m
43,2018-05-18,Lithuania,MOVE_DOWN,1441.0,0Y4hwUppbGc8aIBmiTz30A
44,2018-05-18,Lithuania,NEW_ENTRY,1413.0,5cuRYDNIcSu5noyXQpULKg
45,2018-05-18,Lithuania,NEW_ENTRY,1410.0,4lRwa7PKcGIuJMwtPIYKdy
46,2018-05-18,Lithuania,NEW_ENTRY,1396.0,645YBsxhFPSOKxGep3uHLv
47,2018-05-18,Lithuania,NEW_ENTRY,1371.0,22ryCgQttpV7oCrn7llGRu
48,2018-05-18,Lithuania,MOVE_DOWN,1349.0,73F87Sqh6jQWucOOvz1WFx
49,2018-05-18,Lithuania,MOVE_DOWN,1342.0,5CLGzJsGqhCEECcpnFQA8x
50,2018-05-18,Lithuania,MOVE_DOWN,1301.0,3fpVWegR6YOS1Yk5HSMYIq
51,2018-05-18,Lithuania,MOVE_DOWN,1277.0,1YNQscOx6OqBQjxgJVhEeW
52,2018-05-18,Lithuania,NEW_ENTRY,1226.0,4CvId64YZSB0RfRdfzPIQU
53,2018-05-18,Lithuania,MOVE_DOWN,1223.0,3pWcj8hxj3fsb9TDAcMpEl
54,2018-05-18,Lithuania,MOVE_DOWN,1194.0,18W92Zm1KjLCbUIszOhpkD
55,2018-05-18,Lithuania,MOVE_DOWN,1188.0,0CZ8lquoTX2Dkg7Ak2inwA
56,2018-05-18,Lithuania,MOVE_DOWN,1178.0,5Z5nbOXhsSbySVC7WUc6y9
57,2018-05-18,Lithuania,MOVE_DOWN,1172.0,3ee8Jmje8o58CHK66QrVC2
58,2018-05-18,Lithuania,NEW_ENTRY,1169.0,5p10VwQ8LRoyTc8LFrvPw6
59,2018-05-18,Lithuania,MOVE_DOWN,1166.0,3GCdLUSnKSMJhs4Tj6CV3s
60,2018-05-18,Lithuania,NEW_ENTRY,1165.0,3x63A5hq4vldKE8hWIi1tE
61,2018-05-18,Lithuania,NEW_ENTRY,1141.0,6ePyl2ns4b7MVYhjsj32ZK
62,2018-05-18,Lithuania,MOVE_DOWN,1129.0,6SFStUDQZNaGPKWOx9ZiJB
63,2018-05-18,Lithuania,MOVE_DOWN,1127.0,7Fg342AJtNsIDdwCfX0paC
64,2018-05-18,Lithuania,MOVE_DOWN,1114.0,39qWzdNJSioJzfemhwXtDw
65,2018-05-18,Lithuania,MOVE_DOWN,1104.0,07qlsG6DYRLBbovwca9Vbr
66,2018-05-18,Lithuania,MOVE_DOWN,1088.0,6QgjcU0zLnzq5OrUoSZ3OK
67,2018-05-18,Lithuania,MOVE_DOWN,1084.0,6n4U3TlzUGhdSFbUUhTvLP
68,2018-05-18,Lithuania,NEW_ENTRY,1082.0,4aRnbkS1mFoJgFVUP6hEew
69,2018-05-18,Lithuania,NEW_ENTRY,1050.0,2aOlxywgl4nCD4Xh2mLWM7
70,2018-05-18,Lithuania,NEW_ENTRY,1049.0,1LhMopPAallLeaeNutqbgS
71,2018-05-18,Lithuania,MOVE_DOWN,1036.0,79jX8RM5CgPqDKdGEKNW9K
72,2018-05-18,Lithuania,MOVE_DOWN,1027.0,7yotKA30dwTKNEGomV9ZsI
73,2018-05-18,Lithuania,MOVE_DOWN,1009.0,4qKcDkK6siZ7Jp1Jb4m0aL
74,2018-05-18,Lithuania,NEW_ENTRY,1001.0,5mqzhMuUpvnMfwNz6iepmO
1,2018-05-19,Lithuania,SAME_POSITION,5169.0,7ef4DlsgrMEH11cDZd32M6
2,2018-05-19,Lithuania,SAME_POSITION,4314.0,0b9oOr2ZgvyQu88wzixux9
3,2018-05-19,Lithuania,SAME_POSITION,3717.0,7dt6x5M1jzdTEt8oCbisTK
4,2018-05-19,Lithuania,SAME_POSITION,3562.0,63SevszngYpZOwf63o61K4
5,2018-05-19,Lithuania,MOVE_UP,2420.0,5SxkdsY1ufZzoq9iXceLw9
6,2018-05-19,Lithuania,MOVE_UP,2336.0,1cTZMwcBJT0Ka3UJPXOeeN
7,2018-05-19,Lithuania,MOVE_UP,2168.0,3aW0ds4A4tSQDIp75FqWTo
8,2018-05-19,Lithuania,MOVE_DOWN,2123.0,0s3P5PImfDZYWIseR3b39D
9,2018-05-19,Lithuania,MOVE_UP,2081.0,6xTU6B6nFwKKTSZ9ySXS80
10,2018-05-19,Lithuania,MOVE_DOWN,2076.0,55S2PQgSMYAhgoTCcGCDfw
11,2018-05-19,Lithuania,MOVE_DOWN,1984.0,4TwWOcvjY1qt3QJvtveAGm
12,2018-05-19,Lithuania,MOVE_DOWN,1984.0,58q2HKrzhC3ozto2nDdN4z
13,2018-05-19,Lithuania,MOVE_DOWN,1966.0,6zBdVVksaTQeAzwfszbovz
14,2018-05-19,Lithuania,MOVE_UP,1909.0,08bNPGLD8AhKpnnERrAc6G
15,2018-05-19,Lithuania,SAME_POSITION,1906.0,3Wf2YGdYT8xVdNsQSoRKk9
16,2018-05-19,Lithuania,MOVE_UP,1884.0,2XW4DbS6NddZxRPm5rMCeY
17,2018-05-19,Lithuania,SAME_POSITION,1860.0,33IOhptvC2Qoy2UhjiHXLV
18,2018-05-19,Lithuania,MOVE_UP,1842.0,0e7ipj03S05BNilyu5bRzt
19,2018-05-19,Lithuania,MOVE_DOWN,1829.0,45Egmo7icyopuzJN0oMEdk
20,2018-05-19,Lithuania,SAME_POSITION,1800.0,514rhnksEwHUh6LxXsQ4Y9
21,2018-05-19,Lithuania,MOVE_UP,1729.0,3swc6WTsr7rl9DqQKQA55C
22,2018-05-19,Lithuania,MOVE_DOWN,1715.0,6kPJZM97LwdG9QIsT7khp6
23,2018-05-19,Lithuania,SAME_POSITION,1601.0,6Hgh47WXVKtXN5zGOu0hjI
24,2018-05-19,Lithuania,MOVE_UP,1569.0,6RnkFd8Fqqgk1Uni8RgqCQ
25,2018-05-19,Lithuania,MOVE_UP,1543.0,4F1yvJfQ7gJkrcgFJQDjOr
26,2018-05-19,Lithuania,SAME_POSITION,1479.0,1gm616Plq4ScqNi7TVkZ5N
27,2018-05-19,Lithuania,SAME_POSITION,1473.0,48XfojJC87VKLlUotYV0Gm
28,2018-05-19,Lithuania,MOVE_UP,1388.0,0Y4hwUppbGc8aIBmiTz30A
29,2018-05-19,Lithuania,MOVE_UP,1383.0,5CLGzJsGqhCEECcpnFQA8x
30,2018-05-19,Lithuania,MOVE_DOWN,1361.0,41gxXNTTz6LNVY2LIKoRHn
31,2018-05-19,Lithuania,MOVE_UP,1341.0,3fpVWegR6YOS1Yk5HSMYIq
32,2018-05-19,Lithuania,MOVE_UP,1324.0,7vuTcvFnvlqWlWb4u60nvY
33,2018-05-19,Lithuania,MOVE_UP,1318.0,2ARqIya5NAuvFVHSN3bL0m
34,2018-05-19,Lithuania,MOVE_DOWN,1314.0,0u2P5u6lvoDfwTYjAADbn4
35,2018-05-19,Lithuania,MOVE_DOWN,1284.0,5vFiuwlEfEcEwPvS5e1icS
36,2018-05-19,Lithuania,MOVE_DOWN,1272.0,6XlSyYFTU1nodeWwwzVgTV
37,2018-05-19,Lithuania,MOVE_UP,1262.0,18W92Zm1KjLCbUIszOhpkD
38,2018-05-19,Lithuania,MOVE_DOWN,1256.0,2815rSBccLxZc67jEWBEvD
39,2018-05-19,Lithuania,MOVE_DOWN,1254.0,06GLoUz0gyKp3jQWTXiv0P
40,2018-05-19,Lithuania,MOVE_DOWN,1250.0,1trFxVLL8WKhYap543e74l
41,2018-05-19,Lithuania,SAME_POSITION,1235.0,76cy1WJvNGJTj78UqeA5zr
42,2018-05-19,Lithuania,MOVE_DOWN,1211.0,4kWO6O1BUXcZmaxitpVUwp
43,2018-05-19,Lithuania,MOVE_UP,1193.0,73F87Sqh6jQWucOOvz1WFx
44,2018-05-19,Lithuania,MOVE_DOWN,1172.0,38td8VabuKlQt72Q2VnhbO
45,2018-05-19,Lithuania,MOVE_UP,1172.0,1YNQscOx6OqBQjxgJVhEeW
46,2018-05-19,Lithuania,MOVE_DOWN,1142.0,01dmH2IPkrLNWIMPNXlreE
47,2018-05-19,Lithuania,MOVE_UP,1136.0,3ee8Jmje8o58CHK66QrVC2
48,2018-05-19,Lithuania,MOVE_DOWN,1074.0,4lRwa7PKcGIuJMwtPIYKdy
49,2018-05-19,Lithuania,MOVE_UP,1052.0,6n4U3TlzUGhdSFbUUhTvLP
50,2018-05-19,Lithuania,MOVE_DOWN,1047.0,645YBsxhFPSOKxGep3uHLv
51,2018-05-19,Lithuania,MOVE_UP,1044.0,7Fg342AJtNsIDdwCfX0paC
52,2018-05-19,Lithuania,MOVE_UP,1037.0,4qKcDkK6siZ7Jp1Jb4m0aL
53,2018-05-19,Lithuania,MOVE_DOWN,1032.0,6vN77lE9LK6HP2DewaN6HZ
54,2018-05-19,Lithuania,MOVE_DOWN,1029.0,22ryCgQttpV7oCrn7llGRu
55,2018-05-19,Lithuania,MOVE_UP,1015.0,1LhMopPAallLeaeNutqbgS
56,2018-05-19,Lithuania,MOVE_UP,1004.0,6SFStUDQZNaGPKWOx9ZiJB
1,2018-05-20,Lithuania,SAME_POSITION,4531.0,7ef4DlsgrMEH11cDZd32M6
2,2018-05-20,Lithuania,SAME_POSITION,4287.0,0b9oOr2ZgvyQu88wzixux9
3,2018-05-20,Lithuania,SAME_POSITION,3484.0,7dt6x5M1jzdTEt8oCbisTK
4,2018-05-20,Lithuania,SAME_POSITION,3114.0,63SevszngYpZOwf63o61K4
5,2018-05-20,Lithuania,MOVE_UP,2325.0,3aW0ds4A4tSQDIp75FqWTo
6,2018-05-20,Lithuania,MOVE_DOWN,2317.0,5SxkdsY1ufZzoq9iXceLw9
7,2018-05-20,Lithuania,MOVE_DOWN,2196.0,1cTZMwcBJT0Ka3UJPXOeeN
8,2018-05-20,Lithuania,MOVE_UP,2059.0,6xTU6B6nFwKKTSZ9ySXS80
9,2018-05-20,Lithuania,MOVE_UP,2038.0,55S2PQgSMYAhgoTCcGCDfw
10,2018-05-20,Lithuania,MOVE_DOWN,1939.0,0s3P5PImfDZYWIseR3b39D
11,2018-05-20,Lithuania,MOVE_UP,1873.0,58q2HKrzhC3ozto2nDdN4z
12,2018-05-20,Lithuania,MOVE_UP,1836.0,3Wf2YGdYT8xVdNsQSoRKk9
13,2018-05-20,Lithuania,MOVE_UP,1817.0,514rhnksEwHUh6LxXsQ4Y9
14,2018-05-20,Lithuania,MOVE_UP,1774.0,45Egmo7icyopuzJN0oMEdk
15,2018-05-20,Lithuania,MOVE_UP,1758.0,33IOhptvC2Qoy2UhjiHXLV
16,2018-05-20,Lithuania,MOVE_DOWN,1716.0,08bNPGLD8AhKpnnERrAc6G
17,2018-05-20,Lithuania,MOVE_UP,1704.0,6kPJZM97LwdG9QIsT7khp6
18,2018-05-20,Lithuania,MOVE_DOWN,1702.0,4TwWOcvjY1qt3QJvtveAGm
19,2018-05-20,Lithuania,MOVE_DOWN,1661.0,2XW4DbS6NddZxRPm5rMCeY
20,2018-05-20,Lithuania,MOVE_UP,1635.0,3swc6WTsr7rl9DqQKQA55C
21,2018-05-20,Lithuania,MOVE_DOWN,1620.0,6zBdVVksaTQeAzwfszbovz
22,2018-05-20,Lithuania,MOVE_DOWN,1579.0,0e7ipj03S05BNilyu5bRzt
23,2018-05-20,Lithuania,SAME_POSITION,1497.0,6Hgh47WXVKtXN5zGOu0hjI
24,2018-05-20,Lithuania,MOVE_UP,1488.0,4F1yvJfQ7gJkrcgFJQDjOr
25,2018-05-20,Lithuania,MOVE_UP,1442.0,6XlSyYFTU1nodeWwwzVgTV
26,2018-05-20,Lithuania,MOVE_UP,1395.0,48XfojJC87VKLlUotYV0Gm
27,2018-05-20,Lithuania,MOVE_DOWN,1372.0,1gm616Plq4ScqNi7TVkZ5N
28,2018-05-20,Lithuania,MOVE_UP,1369.0,0u2P5u6lvoDfwTYjAADbn4
29,2018-05-20,Lithuania,MOVE_DOWN,1345.0,6RnkFd8Fqqgk1Uni8RgqCQ
30,2018-05-20,Lithuania,MOVE_UP,1294.0,4kWO6O1BUXcZmaxitpVUwp
31,2018-05-20,Lithuania,MOVE_DOWN,1291.0,0Y4hwUppbGc8aIBmiTz30A
32,2018-05-20,Lithuania,MOVE_UP,1288.0,2ARqIya5NAuvFVHSN3bL0m
33,2018-05-20,Lithuania,MOVE_DOWN,1243.0,3fpVWegR6YOS1Yk5HSMYIq
34,2018-05-20,Lithuania,MOVE_UP,1222.0,1trFxVLL8WKhYap543e74l
35,2018-05-20,Lithuania,MOVE_UP,1195.0,73F87Sqh6jQWucOOvz1WFx
36,2018-05-20,Lithuania,MOVE_DOWN,1180.0,5vFiuwlEfEcEwPvS5e1icS
37,2018-05-20,Lithuania,SAME_POSITION,1179.0,18W92Zm1KjLCbUIszOhpkD
38,2018-05-20,Lithuania,MOVE_DOWN,1158.0,5CLGzJsGqhCEECcpnFQA8x
39,2018-05-20,Lithuania,MOVE_DOWN,1156.0,2815rSBccLxZc67jEWBEvD
40,2018-05-20,Lithuania,MOVE_DOWN,1142.0,7vuTcvFnvlqWlWb4u60nvY
41,2018-05-20,Lithuania,MOVE_DOWN,1141.0,41gxXNTTz6LNVY2LIKoRHn
42,2018-05-20,Lithuania,MOVE_UP,1137.0,38td8VabuKlQt72Q2VnhbO
43,2018-05-20,Lithuania,MOVE_UP,1127.0,01dmH2IPkrLNWIMPNXlreE
44,2018-05-20,Lithuania,MOVE_DOWN,1103.0,76cy1WJvNGJTj78UqeA5zr
45,2018-05-20,Lithuania,MOVE_UP,1072.0,6SFStUDQZNaGPKWOx9ZiJB
46,2018-05-20,Lithuania,MOVE_UP,1066.0,3ee8Jmje8o58CHK66QrVC2
47,2018-05-20,Lithuania,MOVE_UP,1038.0,4lRwa7PKcGIuJMwtPIYKdy
48,2018-05-20,Lithuania,MOVE_DOWN,1027.0,1YNQscOx6OqBQjxgJVhEeW
49,2018-05-20,Lithuania,MOVE_UP,1023.0,645YBsxhFPSOKxGep3uHLv
50,2018-05-20,Lithuania,MOVE_UP,1013.0,22ryCgQttpV7oCrn7llGRu
51,2018-05-20,Lithuania,MOVE_DOWN,1003.0,6n4U3TlzUGhdSFbUUhTvLP
1,2018-05-21,Lithuania,SAME_POSITION,4914.0,7ef4DlsgrMEH11cDZd32M6
2,2018-05-21,Lithuania,SAME_POSITION,4776.0,0b9oOr2ZgvyQu88wzixux9
3,2018-05-21,Lithuania,SAME_POSITION,3976.0,7dt6x5M1jzdTEt8oCbisTK
4,2018-05-21,Lithuania,SAME_POSITION,3295.0,63SevszngYpZOwf63o61K4
5,2018-05-21,Lithuania,MOVE_UP,2505.0,5SxkdsY1ufZzoq9iXceLw9
6,2018-05-21,Lithuania,MOVE_UP,2359.0,1cTZMwcBJT0Ka3UJPXOeeN
7,2018-05-21,Lithuania,MOVE_UP,2225.0,55S2PQgSMYAhgoTCcGCDfw
8,2018-05-21,Lithuania,SAME_POSITION,2166.0,6xTU6B6nFwKKTSZ9ySXS80
9,2018-05-21,Lithuania,MOVE_UP,2131.0,58q2HKrzhC3ozto2nDdN4z
10,2018-05-21,Lithuania,MOVE_DOWN,2123.0,3aW0ds4A4tSQDIp75FqWTo
11,2018-05-21,Lithuania,MOVE_UP,2010.0,514rhnksEwHUh6LxXsQ4Y9
12,2018-05-21,Lithuania,SAME_POSITION,2000.0,3Wf2YGdYT8xVdNsQSoRKk9
13,2018-05-21,Lithuania,MOVE_UP,1991.0,6kPJZM97LwdG9QIsT7khp6
14,2018-05-21,Lithuania,MOVE_UP,1980.0,33IOhptvC2Qoy2UhjiHXLV
15,2018-05-21,Lithuania,MOVE_DOWN,1933.0,0s3P5PImfDZYWIseR3b39D
16,2018-05-21,Lithuania,MOVE_DOWN,1808.0,45Egmo7icyopuzJN0oMEdk
17,2018-05-21,Lithuania,MOVE_DOWN,1786.0,08bNPGLD8AhKpnnERrAc6G
18,2018-05-21,Lithuania,SAME_POSITION,1750.0,4TwWOcvjY1qt3QJvtveAGm
19,2018-05-21,Lithuania,MOVE_UP,1736.0,3swc6WTsr7rl9DqQKQA55C
20,2018-05-21,Lithuania,MOVE_UP,1728.0,0e7ipj03S05BNilyu5bRzt
21,2018-05-21,Lithuania,MOVE_UP,1687.0,0u2P5u6lvoDfwTYjAADbn4
22,2018-05-21,Lithuania,MOVE_DOWN,1670.0,2XW4DbS6NddZxRPm5rMCeY
23,2018-05-21,Lithuania,MOVE_DOWN,1614.0,6zBdVVksaTQeAzwfszbovz
24,2018-05-21,Lithuania,MOVE_DOWN,1613.0,6Hgh47WXVKtXN5zGOu0hjI
25,2018-05-21,Lithuania,MOVE_UP,1593.0,1gm616Plq4ScqNi7TVkZ5N
26,2018-05-21,Lithuania,MOVE_DOWN,1565.0,6XlSyYFTU1nodeWwwzVgTV
27,2018-05-21,Lithuania,MOVE_DOWN,1550.0,4F1yvJfQ7gJkrcgFJQDjOr
28,2018-05-21,Lithuania,MOVE_UP,1466.0,6RnkFd8Fqqgk1Uni8RgqCQ
29,2018-05-21,Lithuania,MOVE_UP,1434.0,73F87Sqh6jQWucOOvz1WFx
30,2018-05-21,Lithuania,MOVE_UP,1422.0,0Y4hwUppbGc8aIBmiTz30A
31,2018-05-21,Lithuania,MOVE_UP,1412.0,2ARqIya5NAuvFVHSN3bL0m
32,2018-05-21,Lithuania,MOVE_DOWN,1398.0,4kWO6O1BUXcZmaxitpVUwp
33,2018-05-21,Lithuania,MOVE_UP,1396.0,2815rSBccLxZc67jEWBEvD
34,2018-05-21,Lithuania,MOVE_UP,1354.0,5CLGzJsGqhCEECcpnFQA8x
35,2018-05-21,Lithuania,MOVE_DOWN,1296.0,3fpVWegR6YOS1Yk5HSMYIq
36,2018-05-21,Lithuania,NEW_ENTRY,1256.0,6QgjcU0zLnzq5OrUoSZ3OK
37,2018-05-21,Lithuania,MOVE_UP,1256.0,76cy1WJvNGJTj78UqeA5zr
38,2018-05-21,Lithuania,MOVE_DOWN,1253.0,5vFiuwlEfEcEwPvS5e1icS
39,2018-05-21,Lithuania,MOVE_UP,1221.0,41gxXNTTz6LNVY2LIKoRHn
40,2018-05-21,Lithuania,MOVE_DOWN,1199.0,48XfojJC87VKLlUotYV0Gm
41,2018-05-21,Lithuania,MOVE_DOWN,1169.0,18W92Zm1KjLCbUIszOhpkD
42,2018-05-21,Lithuania,MOVE_UP,1165.0,6n4U3TlzUGhdSFbUUhTvLP
43,2018-05-21,Lithuania,MOVE_UP,1124.0,6SFStUDQZNaGPKWOx9ZiJB
44,2018-05-21,Lithuania,MOVE_DOWN,1122.0,7vuTcvFnvlqWlWb4u60nvY
45,2018-05-21,Lithuania,MOVE_UP,1115.0,3ee8Jmje8o58CHK66QrVC2
46,2018-05-21,Lithuania,MOVE_UP,1102.0,1YNQscOx6OqBQjxgJVhEeW
47,2018-05-21,Lithuania,NEW_ENTRY,1081.0,2OALaHcDdKkjYEpAr0Qzab
48,2018-05-21,Lithuania,MOVE_DOWN,1074.0,1trFxVLL8WKhYap543e74l
49,2018-05-21,Lithuania,NEW_ENTRY,1060.0,2ekn2ttSfGqwhhate0LSR0
50,2018-05-21,Lithuania,NEW_ENTRY,1055.0,3GCdLUSnKSMJhs4Tj6CV3s
51,2018-05-21,Lithuania,NEW_ENTRY,1047.0,1rfofaqEpACxVEHIZBJe6W
52,2018-05-21,Lithuania,NEW_ENTRY,1019.0,3pWcj8hxj3fsb9TDAcMpEl
53,2018-05-21,Lithuania,NEW_ENTRY,1017.0,06GLoUz0gyKp3jQWTXiv0P
54,2018-05-21,Lithuania,NEW_ENTRY,1009.0,1LhMopPAallLeaeNutqbgS
55,2018-05-21,Lithuania,NEW_ENTRY,1006.0,1lsBTdE6MGsKeZCD6llNu7
56,2018-05-21,Lithuania,NEW_ENTRY,1001.0,7Fg342AJtNsIDdwCfX0paC
1,2018-05-22,Lithuania,SAME_POSITION,4908.0,7ef4DlsgrMEH11cDZd32M6
2,2018-05-22,Lithuania,SAME_POSITION,4800.0,0b9oOr2ZgvyQu88wzixux9
3,2018-05-22,Lithuania,SAME_POSITION,4300.0,7dt6x5M1jzdTEt8oCbisTK
4,2018-05-22,Lithuania,SAME_POSITION,3745.0,63SevszngYpZOwf63o61K4
5,2018-05-22,Lithuania,SAME_POSITION,2736.0,5SxkdsY1ufZzoq9iXceLw9
6,2018-05-22,Lithuania,MOVE_UP,2736.0,6kPJZM97LwdG9QIsT7khp6
7,2018-05-22,Lithuania,SAME_POSITION,2631.0,55S2PQgSMYAhgoTCcGCDfw
8,2018-05-22,Lithuania,MOVE_DOWN,2599.0,1cTZMwcBJT0Ka3UJPXOeeN
9,2018-05-22,Lithuania,MOVE_UP,2422.0,514rhnksEwHUh6LxXsQ4Y9
10,2018-05-22,Lithuania,MOVE_DOWN,2416.0,6xTU6B6nFwKKTSZ9ySXS80
11,2018-05-22,Lithuania,MOVE_DOWN,2292.0,58q2HKrzhC3ozto2nDdN4z
12,2018-05-22,Lithuania,SAME_POSITION,2263.0,3Wf2YGdYT8xVdNsQSoRKk9
13,2018-05-22,Lithuania,MOVE_UP,2234.0,33IOhptvC2Qoy2UhjiHXLV
14,2018-05-22,Lithuania,MOVE_UP,2231.0,45Egmo7icyopuzJN0oMEdk
15,2018-05-22,Lithuania,MOVE_DOWN,2168.0,3aW0ds4A4tSQDIp75FqWTo
16,2018-05-22,Lithuania,MOVE_UP,2002.0,4F1yvJfQ7gJkrcgFJQDjOr
17,2018-05-22,Lithuania,MOVE_UP,1988.0,6Hgh47WXVKtXN5zGOu0hjI
18,2018-05-22,Lithuania,MOVE_UP,1957.0,0u2P5u6lvoDfwTYjAADbn4
19,2018-05-22,Lithuania,MOVE_UP,1909.0,6XlSyYFTU1nodeWwwzVgTV
20,2018-05-22,Lithuania,MOVE_DOWN,1889.0,08bNPGLD8AhKpnnERrAc6G
21,2018-05-22,Lithuania,MOVE_DOWN,1850.0,0s3P5PImfDZYWIseR3b39D
22,2018-05-22,Lithuania,SAME_POSITION,1793.0,2XW4DbS6NddZxRPm5rMCeY
23,2018-05-22,Lithuania,MOVE_UP,1773.0,1gm616Plq4ScqNi7TVkZ5N
24,2018-05-22,Lithuania,MOVE_DOWN,1736.0,0e7ipj03S05BNilyu5bRzt
25,2018-05-22,Lithuania,MOVE_DOWN,1714.0,3swc6WTsr7rl9DqQKQA55C
26,2018-05-22,Lithuania,MOVE_DOWN,1692.0,4TwWOcvjY1qt3QJvtveAGm
27,2018-05-22,Lithuania,MOVE_UP,1663.0,4kWO6O1BUXcZmaxitpVUwp
28,2018-05-22,Lithuania,MOVE_UP,1556.0,0Y4hwUppbGc8aIBmiTz30A
29,2018-05-22,Lithuania,MOVE_UP,1543.0,5CLGzJsGqhCEECcpnFQA8x
30,2018-05-22,Lithuania,MOVE_DOWN,1529.0,73F87Sqh6jQWucOOvz1WFx
31,2018-05-22,Lithuania,MOVE_DOWN,1518.0,6zBdVVksaTQeAzwfszbovz
32,2018-05-22,Lithuania,MOVE_UP,1463.0,3fpVWegR6YOS1Yk5HSMYIq
33,2018-05-22,Lithuania,MOVE_DOWN,1460.0,2ARqIya5NAuvFVHSN3bL0m
34,2018-05-22,Lithuania,MOVE_UP,1408.0,1YNQscOx6OqBQjxgJVhEeW
35,2018-05-22,Lithuania,MOVE_UP,1405.0,6SFStUDQZNaGPKWOx9ZiJB
36,2018-05-22,Lithuania,MOVE_DOWN,1380.0,6RnkFd8Fqqgk1Uni8RgqCQ
37,2018-05-22,Lithuania,MOVE_UP,1369.0,3pWcj8hxj3fsb9TDAcMpEl
38,2018-05-22,Lithuania,MOVE_DOWN,1355.0,2815rSBccLxZc67jEWBEvD
39,2018-05-22,Lithuania,MOVE_UP,1324.0,6n4U3TlzUGhdSFbUUhTvLP
40,2018-05-22,Lithuania,MOVE_DOWN,1273.0,76cy1WJvNGJTj78UqeA5zr
41,2018-05-22,Lithuania,NEW_ENTRY,1231.0,32iYwQ4OYiurnGnOfJ1aEh
42,2018-05-22,Lithuania,MOVE_DOWN,1228.0,18W92Zm1KjLCbUIszOhpkD
43,2018-05-22,Lithuania,NEW_ENTRY,1203.0,6vN77lE9LK6HP2DewaN6HZ
44,2018-05-22,Lithuania,MOVE_UP,1201.0,1lsBTdE6MGsKeZCD6llNu7
45,2018-05-22,Lithuania,SAME_POSITION,1195.0,3ee8Jmje8o58CHK66QrVC2
46,2018-05-22,Lithuania,MOVE_DOWN,1155.0,41gxXNTTz6LNVY2LIKoRHn
47,2018-05-22,Lithuania,MOVE_UP,1153.0,1LhMopPAallLeaeNutqbgS
48,2018-05-22,Lithuania,MOVE_UP,1115.0,3GCdLUSnKSMJhs4Tj6CV3s
49,2018-05-22,Lithuania,MOVE_DOWN,1111.0,7vuTcvFnvlqWlWb4u60nvY
50,2018-05-22,Lithuania,MOVE_DOWN,1107.0,5vFiuwlEfEcEwPvS5e1icS
51,2018-05-22,Lithuania,NEW_ENTRY,1097.0,0CZ8lquoTX2Dkg7Ak2inwA
52,2018-05-22,Lithuania,MOVE_UP,1085.0,7Fg342AJtNsIDdwCfX0paC
53,2018-05-22,Lithuania,NEW_ENTRY,1079.0,2OvV4NjEBRE9v8Oo7QeUCq
54,2018-05-22,Lithuania,MOVE_DOWN,1072.0,48XfojJC87VKLlUotYV0Gm
55,2018-05-22,Lithuania,NEW_ENTRY,1049.0,79jX8RM5CgPqDKdGEKNW9K
56,2018-05-22,Lithuania,NEW_ENTRY,1047.0,4qKcDkK6siZ7Jp1Jb4m0aL
57,2018-05-22,Lithuania,NEW_ENTRY,1043.0,083Qf6hn6sFL6xiOHlZUyn
58,2018-05-22,Lithuania,MOVE_DOWN,1042.0,6QgjcU0zLnzq5OrUoSZ3OK
59,2018-05-22,Lithuania,NEW_ENTRY,1023.0,2xmrfQpmS2iJExTlklLoAL
60,2018-05-22,Lithuania,NEW_ENTRY,1015.0,6mAz8D1TmlTuef90dbNIiZ
1,2018-05-23,Lithuania,SAME_POSITION,5085.0,7ef4DlsgrMEH11cDZd32M6
2,2018-05-23,Lithuania,SAME_POSITION,4716.0,0b9oOr2ZgvyQu88wzixux9
3,2018-05-23,Lithuania,SAME_POSITION,4375.0,7dt6x5M1jzdTEt8oCbisTK
4,2018-05-23,Lithuania,SAME_POSITION,3573.0,63SevszngYpZOwf63o61K4
5,2018-05-23,Lithuania,MOVE_UP,3086.0,6kPJZM97LwdG9QIsT7khp6
6,2018-05-23,Lithuania,MOVE_DOWN,2918.0,5SxkdsY1ufZzoq9iXceLw9
7,2018-05-23,Lithuania,SAME_POSITION,2873.0,55S2PQgSMYAhgoTCcGCDfw
8,2018-05-23,Lithuania,SAME_POSITION,2714.0,1cTZMwcBJT0Ka3UJPXOeeN
9,2018-05-23,Lithuania,SAME_POSITION,2450.0,514rhnksEwHUh6LxXsQ4Y9
10,2018-05-23,Lithuania,MOVE_UP,2355.0,58q2HKrzhC3ozto2nDdN4z
11,2018-05-23,Lithuania,MOVE_DOWN,2310.0,6xTU6B6nFwKKTSZ9ySXS80
12,2018-05-23,Lithuania,SAME_POSITION,2294.0,3Wf2YGdYT8xVdNsQSoRKk9
13,2018-05-23,Lithuania,SAME_POSITION,2220.0,33IOhptvC2Qoy2UhjiHXLV
14,2018-05-23,Lithuania,SAME_POSITION,2209.0,45Egmo7icyopuzJN0oMEdk
15,2018-05-23,Lithuania,MOVE_UP,2195.0,0u2P5u6lvoDfwTYjAADbn4
16,2018-05-23,Lithuania,MOVE_DOWN,2108.0,3aW0ds4A4tSQDIp75FqWTo
17,2018-05-23,Lithuania,MOVE_UP,2028.0,6XlSyYFTU1nodeWwwzVgTV
18,2018-05-23,Lithuania,MOVE_DOWN,1985.0,4F1yvJfQ7gJkrcgFJQDjOr
19,2018-05-23,Lithuania,MOVE_UP,1975.0,08bNPGLD8AhKpnnERrAc6G
20,2018-05-23,Lithuania,MOVE_DOWN,1933.0,6Hgh47WXVKtXN5zGOu0hjI
21,2018-05-23,Lithuania,MOVE_UP,1818.0,4kWO6O1BUXcZmaxitpVUwp
22,2018-05-23,Lithuania,SAME_POSITION,1802.0,2XW4DbS6NddZxRPm5rMCeY
23,2018-05-23,Lithuania,MOVE_UP,1712.0,0e7ipj03S05BNilyu5bRzt
24,2018-05-23,Lithuania,MOVE_UP,1699.0,3swc6WTsr7rl9DqQKQA55C
25,2018-05-23,Lithuania,MOVE_DOWN,1664.0,0s3P5PImfDZYWIseR3b39D
26,2018-05-23,Lithuania,SAME_POSITION,1647.0,4TwWOcvjY1qt3QJvtveAGm
27,2018-05-23,Lithuania,MOVE_DOWN,1589.0,1gm616Plq4ScqNi7TVkZ5N
28,2018-05-23,Lithuania,MOVE_UP,1588.0,73F87Sqh6jQWucOOvz1WFx
29,2018-05-23,Lithuania,MOVE_DOWN,1570.0,0Y4hwUppbGc8aIBmiTz30A
30,2018-05-23,Lithuania,MOVE_UP,1517.0,6RnkFd8Fqqgk1Uni8RgqCQ
31,2018-05-23,Lithuania,MOVE_UP,1473.0,2ARqIya5NAuvFVHSN3bL0m
32,2018-05-23,Lithuania,MOVE_UP,1458.0,3pWcj8hxj3fsb9TDAcMpEl
33,2018-05-23,Lithuania,MOVE_DOWN,1418.0,3fpVWegR6YOS1Yk5HSMYIq
34,2018-05-23,Lithuania,MOVE_DOWN,1411.0,6zBdVVksaTQeAzwfszbovz
35,2018-05-23,Lithuania,SAME_POSITION,1372.0,6SFStUDQZNaGPKWOx9ZiJB
36,2018-05-23,Lithuania,MOVE_UP,1349.0,6vN77lE9LK6HP2DewaN6HZ
37,2018-05-23,Lithuania,MOVE_UP,1312.0,0X8DcetL926BYiPJYstJTc
38,2018-05-23,Lithuania,MOVE_DOWN,1282.0,5CLGzJsGqhCEECcpnFQA8x
39,2018-05-23,Lithuania,MOVE_DOWN,1274.0,2815rSBccLxZc67jEWBEvD
40,2018-05-23,Lithuania,SAME_POSITION,1271.0,76cy1WJvNGJTj78UqeA5zr
41,2018-05-23,Lithuania,MOVE_DOWN,1258.0,1YNQscOx6OqBQjxgJVhEeW
42,2018-05-23,Lithuania,MOVE_DOWN,1216.0,6n4U3TlzUGhdSFbUUhTvLP
43,2018-05-23,Lithuania,MOVE_UP,1216.0,1lsBTdE6MGsKeZCD6llNu7
44,2018-05-23,Lithuania,MOVE_DOWN,1213.0,18W92Zm1KjLCbUIszOhpkD
45,2018-05-23,Lithuania,MOVE_UP,1212.0,6QgjcU0zLnzq5OrUoSZ3OK
46,2018-05-23,Lithuania,MOVE_DOWN,1195.0,3ee8Jmje8o58CHK66QrVC2
47,2018-05-23,Lithuania,MOVE_DOWN,1159.0,41gxXNTTz6LNVY2LIKoRHn
48,2018-05-23,Lithuania,MOVE_UP,1103.0,2OvV4NjEBRE9v8Oo7QeUCq
49,2018-05-23,Lithuania,MOVE_DOWN,1100.0,3GCdLUSnKSMJhs4Tj6CV3s
50,2018-05-23,Lithuania,MOVE_UP,1082.0,083Qf6hn6sFL6xiOHlZUyn
51,2018-05-23,Lithuania,MOVE_UP,1074.0,4qKcDkK6siZ7Jp1Jb4m0aL
52,2018-05-23,Lithuania,SAME_POSITION,1054.0,7Fg342AJtNsIDdwCfX0paC
53,2018-05-23,Lithuania,MOVE_UP,1053.0,79jX8RM5CgPqDKdGEKNW9K
54,2018-05-23,Lithuania,MOVE_DOWN,1050.0,5vFiuwlEfEcEwPvS5e1icS
55,2018-05-23,Lithuania,MOVE_DOWN,1043.0,1LhMopPAallLeaeNutqbgS
56,2018-05-23,Lithuania,MOVE_DOWN,1036.0,0CZ8lquoTX2Dkg7Ak2inwA
57,2018-05-23,Lithuania,MOVE_UP,1025.0,6mAz8D1TmlTuef90dbNIiZ
58,2018-05-23,Lithuania,NEW_ENTRY,1018.0,2GGGm4MLQynB3I4E4ycIYC
1,2018-05-24,Lithuania,SAME_POSITION,5325.0,7ef4DlsgrMEH11cDZd32M6
2,2018-05-24,Lithuania,SAME_POSITION,4764.0,0b9oOr2ZgvyQu88wzixux9
3,2018-05-24,Lithuania,SAME_POSITION,4274.0,7dt6x5M1jzdTEt8oCbisTK
4,2018-05-24,Lithuania,SAME_POSITION,3648.0,63SevszngYpZOwf63o61K4
5,2018-05-24,Lithuania,SAME_POSITION,3137.0,6kPJZM97LwdG9QIsT7khp6
6,2018-05-24,Lithuania,SAME_POSITION,3088.0,5SxkdsY1ufZzoq9iXceLw9
7,2018-05-24,Lithuania,SAME_POSITION,2837.0,55S2PQgSMYAhgoTCcGCDfw
8,2018-05-24,Lithuania,MOVE_UP,2651.0,514rhnksEwHUh6LxXsQ4Y9
9,2018-05-24,Lithuania,MOVE_DOWN,2619.0,1cTZMwcBJT0Ka3UJPXOeeN
10,2018-05-24,Lithuania,MOVE_UP,2490.0,45Egmo7icyopuzJN0oMEdk
11,2018-05-24,Lithuania,MOVE_UP,2280.0,33IOhptvC2Qoy2UhjiHXLV
12,2018-05-24,Lithuania,SAME_POSITION,2254.0,3Wf2YGdYT8xVdNsQSoRKk9
13,2018-05-24,Lithuania,MOVE_UP,2244.0,0u2P5u6lvoDfwTYjAADbn4
14,2018-05-24,Lithuania,MOVE_DOWN,2239.0,6xTU6B6nFwKKTSZ9ySXS80
15,2018-05-24,Lithuania,MOVE_DOWN,2211.0,58q2HKrzhC3ozto2nDdN4z
16,2018-05-24,Lithuania,MOVE_UP,2049.0,4kWO6O1BUXcZmaxitpVUwp
17,2018-05-24,Lithuania,SAME_POSITION,2027.0,6XlSyYFTU1nodeWwwzVgTV
18,2018-05-24,Lithuania,MOVE_DOWN,1991.0,3aW0ds4A4tSQDIp75FqWTo
19,2018-05-24,Lithuania,MOVE_DOWN,1974.0,4F1yvJfQ7gJkrcgFJQDjOr
20,2018-05-24,Lithuania,SAME_POSITION,1838.0,6Hgh47WXVKtXN5zGOu0hjI
21,2018-05-24,Lithuania,MOVE_DOWN,1787.0,08bNPGLD8AhKpnnERrAc6G
22,2018-05-24,Lithuania,MOVE_UP,1771.0,3swc6WTsr7rl9DqQKQA55C
23,2018-05-24,Lithuania,MOVE_UP,1766.0,0Y4hwUppbGc8aIBmiTz30A
24,2018-05-24,Lithuania,MOVE_DOWN,1754.0,0e7ipj03S05BNilyu5bRzt
25,2018-05-24,Lithuania,MOVE_DOWN,1745.0,2XW4DbS6NddZxRPm5rMCeY
26,2018-05-24,Lithuania,MOVE_DOWN,1668.0,0s3P5PImfDZYWIseR3b39D
27,2018-05-24,Lithuania,MOVE_DOWN,1651.0,4TwWOcvjY1qt3QJvtveAGm
28,2018-05-24,Lithuania,MOVE_DOWN,1640.0,1gm616Plq4ScqNi7TVkZ5N
29,2018-05-24,Lithuania,MOVE_UP,1576.0,3pWcj8hxj3fsb9TDAcMpEl
30,2018-05-24,Lithuania,MOVE_UP,1486.0,76cy1WJvNGJTj78UqeA5zr
31,2018-05-24,Lithuania,SAME_POSITION,1470.0,2ARqIya5NAuvFVHSN3bL0m
32,2018-05-24,Lithuania,MOVE_DOWN,1451.0,6RnkFd8Fqqgk1Uni8RgqCQ
33,2018-05-24,Lithuania,SAME_POSITION,1417.0,3fpVWegR6YOS1Yk5HSMYIq
34,2018-05-24,Lithuania,SAME_POSITION,1402.0,6zBdVVksaTQeAzwfszbovz
35,2018-05-24,Lithuania,SAME_POSITION,1396.0,6SFStUDQZNaGPKWOx9ZiJB
36,2018-05-24,Lithuania,MOVE_UP,1360.0,18W92Zm1KjLCbUIszOhpkD
37,2018-05-24,Lithuania,SAME_POSITION,1356.0,0X8DcetL926BYiPJYstJTc
38,2018-05-24,Lithuania,MOVE_DOWN,1320.0,6vN77lE9LK6HP2DewaN6HZ
39,2018-05-24,Lithuania,MOVE_DOWN,1305.0,5CLGzJsGqhCEECcpnFQA8x
40,2018-05-24,Lithuania,MOVE_DOWN,1284.0,73F87Sqh6jQWucOOvz1WFx
41,2018-05-24,Lithuania,SAME_POSITION,1239.0,1YNQscOx6OqBQjxgJVhEeW
42,2018-05-24,Lithuania,MOVE_UP,1231.0,1lsBTdE6MGsKeZCD6llNu7
43,2018-05-24,Lithuania,MOVE_DOWN,1164.0,2815rSBccLxZc67jEWBEvD
44,2018-05-24,Lithuania,MOVE_UP,1162.0,3ee8Jmje8o58CHK66QrVC2
45,2018-05-24,Lithuania,MOVE_UP,1152.0,0CZ8lquoTX2Dkg7Ak2inwA
46,2018-05-24,Lithuania,MOVE_UP,1134.0,1LhMopPAallLeaeNutqbgS
47,2018-05-24,Lithuania,MOVE_UP,1130.0,3GCdLUSnKSMJhs4Tj6CV3s
48,2018-05-24,Lithuania,MOVE_DOWN,1066.0,6n4U3TlzUGhdSFbUUhTvLP
49,2018-05-24,Lithuania,MOVE_UP,1064.0,6mAz8D1TmlTuef90dbNIiZ
50,2018-05-24,Lithuania,MOVE_UP,1064.0,4qKcDkK6siZ7Jp1Jb4m0aL
51,2018-05-24,Lithuania,MOVE_UP,1063.0,7Fg342AJtNsIDdwCfX0paC
52,2018-05-24,Lithuania,MOVE_DOWN,1059.0,41gxXNTTz6LNVY2LIKoRHn
53,2018-05-24,Lithuania,SAME_POSITION,1045.0,79jX8RM5CgPqDKdGEKNW9K
54,2018-05-24,Lithuania,MOVE_DOWN,1036.0,6QgjcU0zLnzq5OrUoSZ3OK
55,2018-05-24,Lithuania,MOVE_DOWN,1031.0,083Qf6hn6sFL6xiOHlZUyn
1,2018-05-25,Lithuania,SAME_POSITION,5445.0,7ef4DlsgrMEH11cDZd32M6
2,2018-05-25,Lithuania,SAME_POSITION,4382.0,0b9oOr2ZgvyQu88wzixux9
3,2018-05-25,Lithuania,SAME_POSITION,4002.0,7dt6x5M1jzdTEt8oCbisTK
4,2018-05-25,Lithuania,SAME_POSITION,3763.0,63SevszngYpZOwf63o61K4
5,2018-05-25,Lithuania,SAME_POSITION,3283.0,6kPJZM97LwdG9QIsT7khp6
6,2018-05-25,Lithuania,SAME_POSITION,2804.0,5SxkdsY1ufZzoq9iXceLw9
7,2018-05-25,Lithuania,SAME_POSITION,2715.0,55S2PQgSMYAhgoTCcGCDfw
8,2018-05-25,Lithuania,MOVE_UP,2712.0,1cTZMwcBJT0Ka3UJPXOeeN
9,2018-05-25,Lithuania,NEW_ENTRY,2658.0,7ycWLEP1GsNjVvcjawXz3z
10,2018-05-25,Lithuania,MOVE_UP,2572.0,5SwEgzUFDHwpWHKrbnP32Z
11,2018-05-25,Lithuania,MOVE_DOWN,2541.0,514rhnksEwHUh6LxXsQ4Y9
12,2018-05-25,Lithuania,MOVE_UP,2291.0,58q2HKrzhC3ozto2nDdN4z
13,2018-05-25,Lithuania,MOVE_UP,2233.0,4kWO6O1BUXcZmaxitpVUwp
14,2018-05-25,Lithuania,MOVE_DOWN,2216.0,33IOhptvC2Qoy2UhjiHXLV
15,2018-05-25,Lithuania,MOVE_DOWN,2152.0,45Egmo7icyopuzJN0oMEdk
16,2018-05-25,Lithuania,MOVE_DOWN,2092.0,6xTU6B6nFwKKTSZ9ySXS80
17,2018-05-25,Lithuania,MOVE_UP,2016.0,2XW4DbS6NddZxRPm5rMCeY
18,2018-05-25,Lithuania,NEW_ENTRY,1961.0,0Dq49j3dELbttQVUJbtn0c
19,2018-05-25,Lithuania,MOVE_DOWN,1933.0,6XlSyYFTU1nodeWwwzVgTV
20,2018-05-25,Lithuania,MOVE_DOWN,1919.0,0u2P5u6lvoDfwTYjAADbn4
21,2018-05-25,Lithuania,MOVE_DOWN,1915.0,4F1yvJfQ7gJkrcgFJQDjOr
22,2018-05-25,Lithuania,MOVE_DOWN,1887.0,08bNPGLD8AhKpnnERrAc6G
23,2018-05-25,Lithuania,MOVE_UP,1878.0,0e7ipj03S05BNilyu5bRzt
24,2018-05-25,Lithuania,MOVE_DOWN,1866.0,3swc6WTsr7rl9DqQKQA55C
25,2018-05-25,Lithuania,MOVE_DOWN,1789.0,6Hgh47WXVKtXN5zGOu0hjI
26,2018-05-25,Lithuania,MOVE_UP,1764.0,4TwWOcvjY1qt3QJvtveAGm
27,2018-05-25,Lithuania,MOVE_DOWN,1756.0,3aW0ds4A4tSQDIp75FqWTo
28,2018-05-25,Lithuania,MOVE_DOWN,1659.0,0s3P5PImfDZYWIseR3b39D
29,2018-05-25,Lithuania,MOVE_DOWN,1633.0,1gm616Plq4ScqNi7TVkZ5N
30,2018-05-25,Lithuania,NEW_ENTRY,1632.0,1AqemxWsT0iGg5Lvkm16Bt
31,2018-05-25,Lithuania,MOVE_DOWN,1596.0,76cy1WJvNGJTj78UqeA5zr
32,2018-05-25,Lithuania,MOVE_DOWN,1556.0,2ARqIya5NAuvFVHSN3bL0m
33,2018-05-25,Lithuania,MOVE_DOWN,1516.0,0Y4hwUppbGc8aIBmiTz30A
34,2018-05-25,Lithuania,MOVE_UP,1507.0,6vN77lE9LK6HP2DewaN6HZ
35,2018-05-25,Lithuania,MOVE_DOWN,1474.0,3pWcj8hxj3fsb9TDAcMpEl
36,2018-05-25,Lithuania,MOVE_UP,1462.0,0X8DcetL926BYiPJYstJTc
37,2018-05-25,Lithuania,MOVE_UP,1460.0,21YnmkSDhUkmkkni22Svc4
38,2018-05-25,Lithuania,MOVE_DOWN,1446.0,6SFStUDQZNaGPKWOx9ZiJB
39,2018-05-25,Lithuania,MOVE_DOWN,1428.0,6zBdVVksaTQeAzwfszbovz
40,2018-05-25,Lithuania,MOVE_DOWN,1405.0,6RnkFd8Fqqgk1Uni8RgqCQ
41,2018-05-25,Lithuania,NEW_ENTRY,1362.0,57q6BgYP4gN6hPQViCB3um
42,2018-05-25,Lithuania,MOVE_DOWN,1328.0,3fpVWegR6YOS1Yk5HSMYIq
43,2018-05-25,Lithuania,MOVE_DOWN,1318.0,5CLGzJsGqhCEECcpnFQA8x
44,2018-05-25,Lithuania,NEW_ENTRY,1287.0,51wrmElSLxFzc0vSQPeTxs
45,2018-05-25,Lithuania,NEW_ENTRY,1274.0,3oHkMCVJyOcjg5FhfLc2Rq
46,2018-05-25,Lithuania,MOVE_DOWN,1263.0,1lsBTdE6MGsKeZCD6llNu7
47,2018-05-25,Lithuania,MOVE_DOWN,1212.0,73F87Sqh6jQWucOOvz1WFx
48,2018-05-25,Lithuania,NEW_ENTRY,1209.0,52eYVUkFTOVozbVFIaFrnV
49,2018-05-25,Lithuania,MOVE_DOWN,1192.0,3GCdLUSnKSMJhs4Tj6CV3s
50,2018-05-25,Lithuania,NEW_ENTRY,1180.0,1wGYcpJZ59rePkNu4zHmLu
51,2018-05-25,Lithuania,MOVE_DOWN,1177.0,3ee8Jmje8o58CHK66QrVC2
52,2018-05-25,Lithuania,NEW_ENTRY,1175.0,6ImrWnhjEOw5re3cGLMIHJ
53,2018-05-25,Lithuania,MOVE_DOWN,1175.0,4qKcDkK6siZ7Jp1Jb4m0aL
54,2018-05-25,Lithuania,MOVE_DOWN,1172.0,1LhMopPAallLeaeNutqbgS
55,2018-05-25,Lithuania,NEW_ENTRY,1170.0,1Nj2oBISdFDSF8eDuXcALz
56,2018-05-25,Lithuania,MOVE_DOWN,1163.0,0CZ8lquoTX2Dkg7Ak2inwA
57,2018-05-25,Lithuania,MOVE_DOWN,1143.0,2815rSBccLxZc67jEWBEvD
58,2018-05-25,Lithuania,MOVE_DOWN,1122.0,6QgjcU0zLnzq5OrUoSZ3OK
59,2018-05-25,Lithuania,MOVE_DOWN,1094.0,1YNQscOx6OqBQjxgJVhEeW
60,2018-05-25,Lithuania,NEW_ENTRY,1077.0,7boPPE857KEqCIHNwFkDop
61,2018-05-25,Lithuania,MOVE_DOWN,1060.0,6n4U3TlzUGhdSFbUUhTvLP
62,2018-05-25,Lithuania,MOVE_DOWN,1059.0,18W92Zm1KjLCbUIszOhpkD
63,2018-05-25,Lithuania,NEW_ENTRY,1056.0,5N521RK66Z1FP0Oz6B4OlT
64,2018-05-25,Lithuania,NEW_ENTRY,1015.0,5TX0mfUkpGlU6j2xa00ERx
1,2018-05-28,Lithuania,SAME_POSITION,5072.0,7ef4DlsgrMEH11cDZd32M6
2,2018-05-28,Lithuania,SAME_POSITION,3802.0,0b9oOr2ZgvyQu88wzixux9
3,2018-05-28,Lithuania,SAME_POSITION,3528.0,7dt6x5M1jzdTEt8oCbisTK
4,2018-05-28,Lithuania,SAME_POSITION,3468.0,63SevszngYpZOwf63o61K4
5,2018-05-28,Lithuania,SAME_POSITION,2792.0,6kPJZM97LwdG9QIsT7khp6
6,2018-05-28,Lithuania,MOVE_UP,2658.0,1cTZMwcBJT0Ka3UJPXOeeN
7,2018-05-28,Lithuania,MOVE_DOWN,2564.0,5SxkdsY1ufZzoq9iXceLw9
8,2018-05-28,Lithuania,MOVE_DOWN,2457.0,55S2PQgSMYAhgoTCcGCDfw
9,2018-05-28,Lithuania,MOVE_UP,2392.0,514rhnksEwHUh6LxXsQ4Y9
10,2018-05-28,Lithuania,MOVE_DOWN,2301.0,5SwEgzUFDHwpWHKrbnP32Z
11,2018-05-28,Lithuania,SAME_POSITION,2248.0,58q2HKrzhC3ozto2nDdN4z
12,2018-05-28,Lithuania,SAME_POSITION,2148.0,33IOhptvC2Qoy2UhjiHXLV
13,2018-05-28,Lithuania,SAME_POSITION,1987.0,7ycWLEP1GsNjVvcjawXz3z
14,2018-05-28,Lithuania,MOVE_UP,1967.0,0u2P5u6lvoDfwTYjAADbn4
15,2018-05-28,Lithuania,MOVE_UP,1940.0,45Egmo7icyopuzJN0oMEdk
16,2018-05-28,Lithuania,MOVE_DOWN,1939.0,4kWO6O1BUXcZmaxitpVUwp
17,2018-05-28,Lithuania,MOVE_DOWN,1865.0,6xTU6B6nFwKKTSZ9ySXS80
18,2018-05-28,Lithuania,MOVE_DOWN,1779.0,4F1yvJfQ7gJkrcgFJQDjOr
19,2018-05-28,Lithuania,MOVE_DOWN,1685.0,2XW4DbS6NddZxRPm5rMCeY
20,2018-05-28,Lithuania,SAME_POSITION,1669.0,08bNPGLD8AhKpnnERrAc6G
21,2018-05-28,Lithuania,MOVE_UP,1541.0,0e7ipj03S05BNilyu5bRzt
22,2018-05-28,Lithuania,MOVE_DOWN,1525.0,6Hgh47WXVKtXN5zGOu0hjI
23,2018-05-28,Lithuania,MOVE_UP,1485.0,6SFStUDQZNaGPKWOx9ZiJB
24,2018-05-28,Lithuania,MOVE_DOWN,1474.0,0Y4hwUppbGc8aIBmiTz30A
25,2018-05-28,Lithuania,MOVE_UP,1449.0,6XlSyYFTU1nodeWwwzVgTV
26,2018-05-28,Lithuania,MOVE_DOWN,1439.0,0X8DcetL926BYiPJYstJTc
27,2018-05-28,Lithuania,MOVE_DOWN,1438.0,3swc6WTsr7rl9DqQKQA55C
28,2018-05-28,Lithuania,SAME_POSITION,1428.0,4TwWOcvjY1qt3QJvtveAGm
29,2018-05-28,Lithuania,SAME_POSITION,1428.0,3aW0ds4A4tSQDIp75FqWTo
30,2018-05-28,Lithuania,MOVE_UP,1369.0,1gm616Plq4ScqNi7TVkZ5N
31,2018-05-28,Lithuania,MOVE_UP,1360.0,6vN77lE9LK6HP2DewaN6HZ
32,2018-05-28,Lithuania,NEW_ENTRY,1318.0,6QgjcU0zLnzq5OrUoSZ3OK
33,2018-05-28,Lithuania,MOVE_DOWN,1295.0,21YnmkSDhUkmkkni22Svc4
34,2018-05-28,Lithuania,MOVE_DOWN,1291.0,3pWcj8hxj3fsb9TDAcMpEl
35,2018-05-28,Lithuania,MOVE_DOWN,1280.0,0s3P5PImfDZYWIseR3b39D
36,2018-05-28,Lithuania,MOVE_DOWN,1267.0,76cy1WJvNGJTj78UqeA5zr
37,2018-05-28,Lithuania,MOVE_UP,1211.0,1lsBTdE6MGsKeZCD6llNu7
38,2018-05-28,Lithuania,MOVE_DOWN,1200.0,0Dq49j3dELbttQVUJbtn0c
39,2018-05-28,Lithuania,MOVE_UP,1197.0,5CLGzJsGqhCEECcpnFQA8x
40,2018-05-28,Lithuania,MOVE_DOWN,1173.0,6RnkFd8Fqqgk1Uni8RgqCQ
41,2018-05-28,Lithuania,MOVE_DOWN,1140.0,2ARqIya5NAuvFVHSN3bL0m
42,2018-05-28,Lithuania,SAME_POSITION,1112.0,3fpVWegR6YOS1Yk5HSMYIq
43,2018-05-28,Lithuania,MOVE_UP,1111.0,1AqemxWsT0iGg5Lvkm16Bt
44,2018-05-28,Lithuania,NEW_ENTRY,1104.0,54oMZ3blwWwuPN4wEoG5mk
45,2018-05-28,Lithuania,NEW_ENTRY,1081.0,73F87Sqh6jQWucOOvz1WFx
46,2018-05-28,Lithuania,NEW_ENTRY,1078.0,2ekn2ttSfGqwhhate0LSR0
47,2018-05-28,Lithuania,MOVE_DOWN,1077.0,6zBdVVksaTQeAzwfszbovz
48,2018-05-28,Lithuania,NEW_ENTRY,1060.0,3GCdLUSnKSMJhs4Tj6CV3s
49,2018-05-28,Lithuania,NEW_ENTRY,1051.0,7boPPE857KEqCIHNwFkDop
50,2018-05-28,Lithuania,NEW_ENTRY,1045.0,1rfofaqEpACxVEHIZBJe6W
51,2018-05-28,Lithuania,NEW_ENTRY,1041.0,4qKcDkK6siZ7Jp1Jb4m0aL
52,2018-05-28,Lithuania,NEW_ENTRY,1015.0,3bH4HzoZZFq8UpZmI2AMgV
1,2018-05-29,Lithuania,SAME_POSITION,5487.0,7ef4DlsgrMEH11cDZd32M6
2,2018-05-29,Lithuania,SAME_POSITION,3729.0,0b9oOr2ZgvyQu88wzixux9
3,2018-05-29,Lithuania,SAME_POSITION,3527.0,7dt6x5M1jzdTEt8oCbisTK
4,2018-05-29,Lithuania,SAME_POSITION,3290.0,63SevszngYpZOwf63o61K4
5,2018-05-29,Lithuania,SAME_POSITION,2948.0,6kPJZM97LwdG9QIsT7khp6
6,2018-05-29,Lithuania,SAME_POSITION,2674.0,1cTZMwcBJT0Ka3UJPXOeeN
7,2018-05-29,Lithuania,SAME_POSITION,2651.0,5SxkdsY1ufZzoq9iXceLw9
8,2018-05-29,Lithuania,SAME_POSITION,2591.0,55S2PQgSMYAhgoTCcGCDfw
9,2018-05-29,Lithuania,SAME_POSITION,2429.0,514rhnksEwHUh6LxXsQ4Y9
10,2018-05-29,Lithuania,MOVE_UP,2383.0,4kWO6O1BUXcZmaxitpVUwp
11,2018-05-29,Lithuania,MOVE_DOWN,2343.0,5SwEgzUFDHwpWHKrbnP32Z
12,2018-05-29,Lithuania,MOVE_DOWN,2280.0,58q2HKrzhC3ozto2nDdN4z
13,2018-05-29,Lithuania,MOVE_DOWN,2260.0,33IOhptvC2Qoy2UhjiHXLV
14,2018-05-29,Lithuania,SAME_POSITION,2092.0,0u2P5u6lvoDfwTYjAADbn4
15,2018-05-29,Lithuania,SAME_POSITION,1973.0,45Egmo7icyopuzJN0oMEdk
16,2018-05-29,Lithuania,MOVE_DOWN,1929.0,7ycWLEP1GsNjVvcjawXz3z
17,2018-05-29,Lithuania,MOVE_UP,1910.0,4F1yvJfQ7gJkrcgFJQDjOr
18,2018-05-29,Lithuania,MOVE_DOWN,1893.0,6xTU6B6nFwKKTSZ9ySXS80
19,2018-05-29,Lithuania,MOVE_UP,1729.0,08bNPGLD8AhKpnnERrAc6G
20,2018-05-29,Lithuania,MOVE_DOWN,1688.0,2XW4DbS6NddZxRPm5rMCeY
21,2018-05-29,Lithuania,MOVE_UP,1639.0,0X8DcetL926BYiPJYstJTc
22,2018-05-29,Lithuania,MOVE_DOWN,1627.0,0e7ipj03S05BNilyu5bRzt
23,2018-05-29,Lithuania,SAME_POSITION,1607.0,6SFStUDQZNaGPKWOx9ZiJB
24,2018-05-29,Lithuania,SAME_POSITION,1585.0,0Y4hwUppbGc8aIBmiTz30A
25,2018-05-29,Lithuania,MOVE_DOWN,1568.0,6Hgh47WXVKtXN5zGOu0hjI
26,2018-05-29,Lithuania,MOVE_DOWN,1532.0,6XlSyYFTU1nodeWwwzVgTV
27,2018-05-29,Lithuania,SAME_POSITION,1471.0,3swc6WTsr7rl9DqQKQA55C
28,2018-05-29,Lithuania,MOVE_UP,1462.0,6vN77lE9LK6HP2DewaN6HZ
29,2018-05-29,Lithuania,SAME_POSITION,1455.0,3aW0ds4A4tSQDIp75FqWTo
30,2018-05-29,Lithuania,MOVE_DOWN,1441.0,4TwWOcvjY1qt3QJvtveAGm
31,2018-05-29,Lithuania,MOVE_DOWN,1403.0,1gm616Plq4ScqNi7TVkZ5N
32,2018-05-29,Lithuania,MOVE_UP,1386.0,21YnmkSDhUkmkkni22Svc4
33,2018-05-29,Lithuania,MOVE_UP,1336.0,0s3P5PImfDZYWIseR3b39D
34,2018-05-29,Lithuania,MOVE_UP,1328.0,3bH4HzoZZFq8UpZmI2AMgV
35,2018-05-29,Lithuania,MOVE_DOWN,1319.0,3pWcj8hxj3fsb9TDAcMpEl
36,2018-05-29,Lithuania,MOVE_UP,1291.0,54oMZ3blwWwuPN4wEoG5mk
37,2018-05-29,Lithuania,MOVE_UP,1279.0,0Dq49j3dELbttQVUJbtn0c
38,2018-05-29,Lithuania,MOVE_DOWN,1233.0,76cy1WJvNGJTj78UqeA5zr
39,2018-05-29,Lithuania,MOVE_UP,1207.0,3fpVWegR6YOS1Yk5HSMYIq
40,2018-05-29,Lithuania,MOVE_UP,1184.0,2ARqIya5NAuvFVHSN3bL0m
41,2018-05-29,Lithuania,MOVE_DOWN,1167.0,5CLGzJsGqhCEECcpnFQA8x
42,2018-05-29,Lithuania,MOVE_DOWN,1149.0,6RnkFd8Fqqgk1Uni8RgqCQ
43,2018-05-29,Lithuania,MOVE_DOWN,1136.0,1lsBTdE6MGsKeZCD6llNu7
44,2018-05-29,Lithuania,MOVE_UP,1131.0,73F87Sqh6jQWucOOvz1WFx
45,2018-05-29,Lithuania,MOVE_UP,1110.0,4qKcDkK6siZ7Jp1Jb4m0aL
46,2018-05-29,Lithuania,MOVE_UP,1105.0,3GCdLUSnKSMJhs4Tj6CV3s
47,2018-05-29,Lithuania,MOVE_UP,1105.0,7boPPE857KEqCIHNwFkDop
48,2018-05-29,Lithuania,MOVE_DOWN,1058.0,6zBdVVksaTQeAzwfszbovz
49,2018-05-29,Lithuania,NEW_ENTRY,1052.0,0CZ8lquoTX2Dkg7Ak2inwA
50,2018-05-29,Lithuania,NEW_ENTRY,1051.0,18W92Zm1KjLCbUIszOhpkD
51,2018-05-29,Lithuania,MOVE_DOWN,1047.0,6QgjcU0zLnzq5OrUoSZ3OK
52,2018-05-29,Lithuania,MOVE_DOWN,1004.0,1AqemxWsT0iGg5Lvkm16Bt
1,2018-05-30,Lithuania,SAME_POSITION,5250.0,7ef4DlsgrMEH11cDZd32M6
2,2018-05-30,Lithuania,SAME_POSITION,3637.0,0b9oOr2ZgvyQu88wzixux9
3,2018-05-30,Lithuania,SAME_POSITION,3620.0,7dt6x5M1jzdTEt8oCbisTK
4,2018-05-30,Lithuania,SAME_POSITION,3354.0,63SevszngYpZOwf63o61K4
5,2018-05-30,Lithuania,SAME_POSITION,3344.0,6kPJZM97LwdG9QIsT7khp6
6,2018-05-30,Lithuania,SAME_POSITION,2708.0,1cTZMwcBJT0Ka3UJPXOeeN
7,2018-05-30,Lithuania,MOVE_UP,2644.0,55S2PQgSMYAhgoTCcGCDfw
8,2018-05-30,Lithuania,MOVE_DOWN,2613.0,5SxkdsY1ufZzoq9iXceLw9
9,2018-05-30,Lithuania,SAME_POSITION,2534.0,514rhnksEwHUh6LxXsQ4Y9
10,2018-05-30,Lithuania,MOVE_UP,2420.0,5SwEgzUFDHwpWHKrbnP32Z
11,2018-05-30,Lithuania,MOVE_DOWN,2390.0,4kWO6O1BUXcZmaxitpVUwp
12,2018-05-30,Lithuania,SAME_POSITION,2329.0,58q2HKrzhC3ozto2nDdN4z
13,2018-05-30,Lithuania,MOVE_UP,2174.0,0u2P5u6lvoDfwTYjAADbn4
14,2018-05-30,Lithuania,MOVE_DOWN,2155.0,33IOhptvC2Qoy2UhjiHXLV
15,2018-05-30,Lithuania,MOVE_UP,1910.0,6xTU6B6nFwKKTSZ9ySXS80
16,2018-05-30,Lithuania,SAME_POSITION,1858.0,7ycWLEP1GsNjVvcjawXz3z
17,2018-05-30,Lithuania,MOVE_DOWN,1825.0,45Egmo7icyopuzJN0oMEdk
18,2018-05-30,Lithuania,MOVE_DOWN,1755.0,4F1yvJfQ7gJkrcgFJQDjOr
19,2018-05-30,Lithuania,MOVE_UP,1686.0,0e7ipj03S05BNilyu5bRzt
20,2018-05-30,Lithuania,MOVE_UP,1674.0,0X8DcetL926BYiPJYstJTc
21,2018-05-30,Lithuania,MOVE_DOWN,1663.0,2XW4DbS6NddZxRPm5rMCeY
22,2018-05-30,Lithuania,MOVE_DOWN,1655.0,08bNPGLD8AhKpnnERrAc6G
23,2018-05-30,Lithuania,MOVE_UP,1648.0,3swc6WTsr7rl9DqQKQA55C
24,2018-05-30,Lithuania,SAME_POSITION,1576.0,0Y4hwUppbGc8aIBmiTz30A
25,2018-05-30,Lithuania,SAME_POSITION,1568.0,6Hgh47WXVKtXN5zGOu0hjI
26,2018-05-30,Lithuania,MOVE_UP,1558.0,3aW0ds4A4tSQDIp75FqWTo
27,2018-05-30,Lithuania,MOVE_DOWN,1518.0,6XlSyYFTU1nodeWwwzVgTV
28,2018-05-30,Lithuania,MOVE_DOWN,1505.0,6SFStUDQZNaGPKWOx9ZiJB
29,2018-05-30,Lithuania,MOVE_UP,1441.0,3bH4HzoZZFq8UpZmI2AMgV
30,2018-05-30,Lithuania,MOVE_UP,1392.0,3pWcj8hxj3fsb9TDAcMpEl
31,2018-05-30,Lithuania,SAME_POSITION,1369.0,1gm616Plq4ScqNi7TVkZ5N
32,2018-05-30,Lithuania,MOVE_DOWN,1368.0,4TwWOcvjY1qt3QJvtveAGm
33,2018-05-30,Lithuania,MOVE_UP,1360.0,54oMZ3blwWwuPN4wEoG5mk
34,2018-05-30,Lithuania,MOVE_DOWN,1357.0,6vN77lE9LK6HP2DewaN6HZ
35,2018-05-30,Lithuania,MOVE_DOWN,1314.0,21YnmkSDhUkmkkni22Svc4
36,2018-05-30,Lithuania,MOVE_UP,1313.0,7boPPE857KEqCIHNwFkDop
37,2018-05-30,Lithuania,SAME_POSITION,1312.0,0Dq49j3dELbttQVUJbtn0c
38,2018-05-30,Lithuania,MOVE_UP,1246.0,6RnkFd8Fqqgk1Uni8RgqCQ
39,2018-05-30,Lithuania,MOVE_DOWN,1236.0,0s3P5PImfDZYWIseR3b39D
40,2018-05-30,Lithuania,MOVE_DOWN,1187.0,3fpVWegR6YOS1Yk5HSMYIq
41,2018-05-30,Lithuania,MOVE_DOWN,1185.0,76cy1WJvNGJTj78UqeA5zr
42,2018-05-30,Lithuania,MOVE_UP,1171.0,6QgjcU0zLnzq5OrUoSZ3OK
43,2018-05-30,Lithuania,MOVE_UP,1154.0,73F87Sqh6jQWucOOvz1WFx
44,2018-05-30,Lithuania,MOVE_DOWN,1144.0,2ARqIya5NAuvFVHSN3bL0m
45,2018-05-30,Lithuania,MOVE_UP,1117.0,3GCdLUSnKSMJhs4Tj6CV3s
46,2018-05-30,Lithuania,MOVE_DOWN,1116.0,5CLGzJsGqhCEECcpnFQA8x
47,2018-05-30,Lithuania,MOVE_DOWN,1096.0,4qKcDkK6siZ7Jp1Jb4m0aL
48,2018-05-30,Lithuania,MOVE_DOWN,1088.0,1lsBTdE6MGsKeZCD6llNu7
49,2018-05-30,Lithuania,NEW_ENTRY,1024.0,2ekn2ttSfGqwhhate0LSR0
50,2018-05-30,Lithuania,MOVE_DOWN,1007.0,6zBdVVksaTQeAzwfszbovz
1,2018-05-31,Lithuania,SAME_POSITION,5456.0,7ef4DlsgrMEH11cDZd32M6
2,2018-05-31,Lithuania,SAME_POSITION,3798.0,0b9oOr2ZgvyQu88wzixux9
3,2018-05-31,Lithuania,SAME_POSITION,3751.0,7dt6x5M1jzdTEt8oCbisTK
4,2018-05-31,Lithuania,MOVE_UP,3614.0,6kPJZM97LwdG9QIsT7khp6
5,2018-05-31,Lithuania,MOVE_DOWN,3465.0,63SevszngYpZOwf63o61K4
6,2018-05-31,Lithuania,SAME_POSITION,2873.0,1cTZMwcBJT0Ka3UJPXOeeN
7,2018-05-31,Lithuania,SAME_POSITION,2802.0,55S2PQgSMYAhgoTCcGCDfw
8,2018-05-31,Lithuania,SAME_POSITION,2664.0,5SxkdsY1ufZzoq9iXceLw9
9,2018-05-31,Lithuania,MOVE_UP,2644.0,58q2HKrzhC3ozto2nDdN4z
10,2018-05-31,Lithuania,MOVE_UP,2624.0,4kWO6O1BUXcZmaxitpVUwp
11,2018-05-31,Lithuania,MOVE_DOWN,2605.0,514rhnksEwHUh6LxXsQ4Y9
12,2018-05-31,Lithuania,MOVE_DOWN,2513.0,5SwEgzUFDHwpWHKrbnP32Z
13,2018-05-31,Lithuania,MOVE_UP,2339.0,33IOhptvC2Qoy2UhjiHXLV
14,2018-05-31,Lithuania,MOVE_DOWN,2145.0,0u2P5u6lvoDfwTYjAADbn4
15,2018-05-31,Lithuania,SAME_POSITION,1987.0,6xTU6B6nFwKKTSZ9ySXS80
16,2018-05-31,Lithuania,MOVE_UP,1956.0,45Egmo7icyopuzJN0oMEdk
17,2018-05-31,Lithuania,MOVE_UP,1855.0,6SFStUDQZNaGPKWOx9ZiJB
18,2018-05-31,Lithuania,MOVE_UP,1799.0,0X8DcetL926BYiPJYstJTc
19,2018-05-31,Lithuania,MOVE_DOWN,1767.0,4F1yvJfQ7gJkrcgFJQDjOr
20,2018-05-31,Lithuania,MOVE_DOWN,1756.0,7ycWLEP1GsNjVvcjawXz3z
21,2018-05-31,Lithuania,MOVE_DOWN,1701.0,0e7ipj03S05BNilyu5bRzt
22,2018-05-31,Lithuania,MOVE_UP,1691.0,6Hgh47WXVKtXN5zGOu0hjI
23,2018-05-31,Lithuania,MOVE_DOWN,1676.0,08bNPGLD8AhKpnnERrAc6G
24,2018-05-31,Lithuania,MOVE_UP,1671.0,6XlSyYFTU1nodeWwwzVgTV
25,2018-05-31,Lithuania,MOVE_DOWN,1667.0,0Y4hwUppbGc8aIBmiTz30A
26,2018-05-31,Lithuania,MOVE_DOWN,1657.0,2XW4DbS6NddZxRPm5rMCeY
27,2018-05-31,Lithuania,MOVE_DOWN,1634.0,3swc6WTsr7rl9DqQKQA55C
28,2018-05-31,Lithuania,MOVE_DOWN,1539.0,3aW0ds4A4tSQDIp75FqWTo
29,2018-05-31,Lithuania,SAME_POSITION,1530.0,3bH4HzoZZFq8UpZmI2AMgV
30,2018-05-31,Lithuania,MOVE_UP,1491.0,7boPPE857KEqCIHNwFkDop
31,2018-05-31,Lithuania,MOVE_UP,1442.0,4TwWOcvjY1qt3QJvtveAGm
32,2018-05-31,Lithuania,MOVE_DOWN,1423.0,3pWcj8hxj3fsb9TDAcMpEl
33,2018-05-31,Lithuania,MOVE_DOWN,1407.0,1gm616Plq4ScqNi7TVkZ5N
34,2018-05-31,Lithuania,SAME_POSITION,1391.0,6vN77lE9LK6HP2DewaN6HZ
35,2018-05-31,Lithuania,MOVE_UP,1354.0,76cy1WJvNGJTj78UqeA5zr
36,2018-05-31,Lithuania,MOVE_UP,1342.0,6RnkFd8Fqqgk1Uni8RgqCQ
37,2018-05-31,Lithuania,NEW_ENTRY,1331.0,54oMZ3blwWwuPN4wEoG5mk
38,2018-05-31,Lithuania,MOVE_DOWN,1316.0,21YnmkSDhUkmkkni22Svc4
39,2018-05-31,Lithuania,MOVE_DOWN,1299.0,0Dq49j3dELbttQVUJbtn0c
40,2018-05-31,Lithuania,MOVE_DOWN,1200.0,0s3P5PImfDZYWIseR3b39D
41,2018-05-31,Lithuania,MOVE_UP,1192.0,2ARqIya5NAuvFVHSN3bL0m
42,2018-05-31,Lithuania,MOVE_UP,1192.0,3GCdLUSnKSMJhs4Tj6CV3s
43,2018-05-31,Lithuania,MOVE_UP,1186.0,5CLGzJsGqhCEECcpnFQA8x
44,2018-05-31,Lithuania,NEW_ENTRY,1177.0,0CZ8lquoTX2Dkg7Ak2inwA
45,2018-05-31,Lithuania,MOVE_UP,1170.0,1lsBTdE6MGsKeZCD6llNu7
46,2018-05-31,Lithuania,MOVE_UP,1130.0,4qKcDkK6siZ7Jp1Jb4m0aL
47,2018-05-31,Lithuania,MOVE_DOWN,1124.0,6QgjcU0zLnzq5OrUoSZ3OK
48,2018-05-31,Lithuania,MOVE_DOWN,1077.0,3fpVWegR6YOS1Yk5HSMYIq
49,2018-05-31,Lithuania,NEW_ENTRY,1076.0,18W92Zm1KjLCbUIszOhpkD
50,2018-05-31,Lithuania,NEW_ENTRY,1074.0,083Qf6hn6sFL6xiOHlZUyn
51,2018-05-31,Lithuania,NEW_ENTRY,1058.0,1uGHaW5WOyQUSR1oNKAydC
52,2018-05-31,Lithuania,NEW_ENTRY,1046.0,4DnHUy01jEA4b5ydC3HgsT
53,2018-05-31,Lithuania,MOVE_DOWN,1034.0,73F87Sqh6jQWucOOvz1WFx
54,2018-05-31,Lithuania,MOVE_DOWN,1031.0,6zBdVVksaTQeAzwfszbovz
55,2018-05-31,Lithuania,NEW_ENTRY,1017.0,1YNQscOx6OqBQjxgJVhEeW
